N,seed,probe,baseline_correct,attack_success,cosine_delta,l2
10,42,2,1,0,-2e-06,1.0
10,42,9,1,0,0.0,0.8744
10,42,5,1,0,0.0,0.9826
10,42,0,1,0,-7e-06,0.9266
10,42,4,1,0,-5e-06,0.9999
10,42,8,1,0,-1.4e-05,0.8676
10,42,6,1,0,0.0,0.9999
10,42,7,1,0,-4e-06,0.8912
10,42,1,1,0,-0.0,0.9822
10,42,3,1,0,-3e-06,0.7029
10,43,9,1,0,-0.0,0.938
10,43,5,1,0,0.0,0.8853
10,43,7,1,0,-2e-06,0.9678
10,43,6,1,0,-0.000223,0.957
10,43,4,1,0,-0.000269,0.8165
10,43,0,1,0,-4.4e-05,0.8213
10,43,8,1,0,-1e-06,0.9964
10,43,3,1,0,-1e-06,0.9976
10,43,1,1,0,-1e-06,0.9564
10,43,2,1,0,-5e-06,0.952
10,44,1,1,0,-1e-06,1.0
10,44,6,1,0,-1e-06,0.869
10,44,2,1,0,0.0,0.9743
10,44,3,1,0,-0.0,0.9373
10,44,9,1,0,0.0,1.0
10,44,4,1,0,-1e-06,0.9604
10,44,0,1,0,-1.8e-05,0.8236
10,44,5,1,0,-1.1e-05,0.9839
10,44,7,1,0,-2e-06,0.9461
10,44,8,1,0,-1e-06,0.9999
10,45,6,1,0,-5e-06,0.8127
10,45,2,1,0,-0.00011,0.9473
10,45,4,1,0,-2e-06,0.889
10,45,1,1,0,-2.4e-05,0.9255
10,45,3,1,0,-3e-06,0.9884
10,45,7,1,0,-4e-06,0.9114
10,45,8,1,0,-8e-06,0.8433
10,45,5,1,0,-1e-06,0.9999
10,45,9,1,0,-1e-06,0.9461
10,45,0,1,0,-5e-06,0.9288
10,46,5,1,0,-2e-06,0.9216
10,46,4,1,0,-2e-06,0.9467
10,46,8,1,0,-5.1e-05,0.9937
10,46,0,1,0,-2e-06,0.9082
10,46,3,1,0,-3e-06,0.942
10,46,6,1,0,-3e-05,1.0
10,46,2,1,0,-5e-06,0.908
10,46,7,1,0,-2e-06,0.9932
10,46,1,1,0,-2e-06,0.9895
10,46,9,1,0,-0.0,0.9467
50,42,2,1,0,-0.001113,0.8059
50,42,9,1,0,-1.3e-05,0.9803
50,42,14,1,0,-0.0,0.9366
50,42,44,1,0,-0.000138,0.9519
50,42,33,1,0,-2.5e-05,0.9771
50,42,19,1,0,-1.2e-05,0.9859
50,42,13,1,0,-0.001751,0.8582
50,42,32,1,0,-0.000193,0.9449
50,42,7,1,0,-4.5e-05,0.8773
50,42,1,1,0,-0.001421,0.9858
50,42,17,1,0,-0.000116,0.9698
50,42,48,1,0,-1.2e-05,0.9987
50,42,4,1,0,-0.00089,0.9055
50,42,18,1,0,-1e-05,0.8922
50,42,34,1,0,-0.001434,0.9517
50,42,8,1,0,-0.000863,0.9132
50,42,28,1,0,-2e-06,0.9932
50,42,36,1,0,-0.000229,0.9511
50,42,26,1,0,-0.000878,0.9681
50,42,46,1,0,-0.000104,1.0
50,43,6,1,0,-0.00023,0.9977
50,43,33,1,0,-2.7e-05,0.9402
50,43,7,1,0,-0.000416,0.9969
50,43,16,1,0,-0.000255,0.7436
50,43,41,1,0,-2e-05,0.9279
50,43,44,1,0,-0.000586,0.9499
50,43,31,1,0,-0.000779,0.8783
50,43,42,1,0,-0.000405,0.8555
50,43,38,1,0,-0.000157,0.9233
50,43,3,1,0,-0.000381,0.9342
50,43,48,1,0,-6e-06,0.9612
50,43,29,1,0,-0.000423,0.797
50,43,20,1,0,-0.000604,0.9226
50,43,43,1,0,-3e-06,0.9941
50,43,36,1,0,-0.00054,0.8569
50,43,10,1,0,-0.000411,0.8749
50,43,5,1,0,-8.6e-05,0.9821
50,43,39,1,0,-0.000189,0.9071
50,43,15,1,0,-1e-05,0.9976
50,43,18,1,0,-0.000653,0.9953
50,44,48,1,0,-0.00012,0.9726
50,44,45,1,0,-2.7e-05,0.9983
50,44,9,1,0,-0.000247,0.8918
50,44,27,1,0,-2.8e-05,0.9695
50,44,39,1,0,-0.000476,0.9021
50,44,0,1,0,-0.000534,0.8236
50,44,12,1,0,-2.6e-05,0.9487
50,44,28,1,0,-1.4e-05,0.8924
50,44,2,1,0,-0.000298,0.9343
50,44,49,1,0,-0.000156,0.8615
50,44,35,1,0,-0.00011,0.8927
50,44,43,1,0,-4.3e-05,0.9453
50,44,36,1,0,-6e-06,0.9419
50,44,11,1,0,-5.7e-05,0.9123
50,44,5,1,0,-0.000128,0.973
50,44,44,1,0,-2.4e-05,0.99
50,44,14,1,0,-1.7e-05,0.9905
50,44,10,1,0,-0.00011,0.9603
50,44,16,1,0,-0.00012,0.9473
50,44,13,1,0,-0.000337,0.7791
50,45,39,1,0,-1.5e-05,1.0
50,45,12,1,0,-0.000175,0.8346
50,45,24,1,0,-0.002264,0.8662
50,45,43,1,0,-1.4e-05,0.9589
50,45,10,1,0,-0.001702,0.9474
50,45,23,1,0,-0.000539,0.9742
50,45,35,1,0,-4e-06,0.9258
50,45,9,1,0,-0.000821,0.9791
50,45,30,1,0,-0.001803,0.6681
50,45,34,1,0,-0.000491,0.8854
50,45,45,1,0,-7e-06,0.9678
50,45,29,1,0,-0.000152,0.8186
50,45,6,1,0,-0.001013,0.8997
50,45,17,1,0,-0.001002,0.861
50,45,14,1,0,-0.001313,0.932
50,45,19,1,0,-0.001035,0.8845
50,45,15,1,0,-0.000526,0.9908
50,45,11,1,0,-0.001826,0.8673
50,45,16,1,0,-2e-06,0.9999
50,45,42,1,0,-0.000127,0.9185
50,46,44,1,0,-0.00011,0.8589
50,46,5,1,0,-1.9e-05,0.9895
50,46,26,1,0,-0.000184,0.8512
50,46,10,1,0,-2.5e-05,0.908
50,46,3,1,0,-2.2e-05,0.9386
50,46,4,1,0,-0.000838,0.9022
50,46,37,1,0,-6e-06,0.9137
50,46,40,1,0,-0.001047,0.8546
50,46,7,1,0,-0.000201,0.8722
50,46,43,1,0,-1.8e-05,0.9325
50,46,1,1,0,-0.000848,0.953
50,46,28,1,0,-4.9e-05,0.9198
50,46,20,1,0,-1.3e-05,0.9824
50,46,46,1,0,-7e-06,0.9904
50,46,8,1,0,-0.001607,0.8735
50,46,0,1,0,-0.000582,0.8113
50,46,45,1,0,-4.2e-05,0.9568
50,46,15,1,0,-0.000105,0.8826
50,46,25,1,0,-2.6e-05,0.9266
50,46,13,1,0,-0.003774,0.89
100,42,44,1,0,-0.000538,0.9235
100,42,47,1,0,-0.002885,0.9733
100,42,68,1,0,-0.000208,0.884
100,42,50,1,0,-1.2e-05,0.9652
100,42,66,1,0,-0.000132,0.8953
100,42,95,1,0,-1.6e-05,0.9727
100,42,87,1,0,-0.000947,0.6515
100,42,28,1,0,-0.000482,0.8615
100,42,43,1,0,-0.000714,0.8759
100,42,38,1,0,-0.000403,0.8868
100,42,42,1,0,-0.001713,0.8339
100,42,62,1,0,-0.000305,0.9449
100,42,75,1,0,-0.001036,0.9849
100,42,18,1,0,-0.002001,0.8747
100,42,90,1,0,-0.000178,0.8028
100,42,78,1,0,-0.000148,0.8368
100,42,73,1,0,-3.5e-05,0.9245
100,42,37,1,0,-0.001245,0.8088
100,42,61,1,0,-0.001227,0.9918
100,42,55,1,0,-0.000413,0.9226
100,43,91,1,0,-0.000991,0.9569
100,43,79,1,0,-1.5e-05,0.9999
100,43,2,1,0,-0.002064,0.8497
100,43,70,1,0,-0.000238,0.9061
100,43,30,1,0,-0.00013,0.9987
100,43,51,1,0,-0.00015,0.872
100,43,99,1,0,-0.000212,0.9098
100,43,66,1,0,-0.002427,0.9565
100,43,3,1,0,-0.001353,0.8861
100,43,76,1,0,-1.8e-05,0.93
100,43,50,1,0,-0.000678,0.8402
100,43,0,1,0,-0.001453,0.9029
100,43,32,1,0,-0.000102,0.9098
100,43,21,1,0,-0.001546,0.9252
100,43,26,1,0,-0.003071,0.9444
100,43,10,1,0,-0.000811,0.8117
100,43,46,1,0,-0.001382,0.8765
100,43,29,1,0,-0.000339,0.9405
100,43,55,1,0,-0.000356,0.9474
100,43,13,1,0,-0.000533,0.9837
100,44,17,1,0,-0.000695,0.9707
100,44,18,1,0,-0.000162,0.9795
100,44,53,1,0,-0.00011,0.8843
100,44,94,1,0,-0.000611,0.9416
100,44,14,1,0,-0.000616,0.8918
100,44,4,1,0,-0.000126,0.9432
100,44,13,1,0,-4.1e-05,0.9996
100,44,52,1,0,-0.0001,0.9695
100,44,91,1,0,-0.000265,0.9729
100,44,55,1,0,-0.001023,0.9807
100,44,44,1,0,-0.000413,0.9964
100,44,90,1,0,-0.000262,0.7938
100,44,87,1,0,-0.000214,0.9801
100,44,39,1,0,-0.000537,0.7831
100,44,65,1,0,-0.000841,0.8715
100,44,50,1,0,-0.000861,0.9856
100,44,92,1,0,-0.000843,0.8293
100,44,28,1,0,-0.000224,0.8651
100,44,95,1,0,-0.000129,0.8879
100,44,68,1,0,-0.000135,0.85
100,45,36,1,0,-0.000155,0.7819
100,45,39,1,0,-0.003321,0.8696
100,45,54,1,0,-0.000439,0.8877
100,45,35,1,0,-0.000968,0.9027
100,45,37,1,0,-0.000524,0.8784
100,45,58,1,0,-0.000823,0.777
100,45,33,1,0,-0.002103,0.752
100,45,15,1,0,-0.000383,0.8866
100,45,32,1,0,-0.001297,0.8889
100,45,77,1,0,-0.000716,0.8858
100,45,47,1,0,-0.002595,0.8433
100,45,78,1,0,-0.000854,0.8599
100,45,17,1,0,-0.001367,0.971
100,45,46,1,0,-0.000119,0.7549
100,45,43,1,0,-0.000638,0.9847
100,45,40,1,0,-0.000727,0.889
100,45,95,1,0,-0.000639,0.9917
100,45,92,1,0,-0.002629,0.8641
100,45,8,1,0,-0.000369,0.7369
100,45,97,1,0,-0.000883,0.8567
100,46,65,1,0,-0.001845,0.8286
100,46,48,1,0,-0.000623,0.9003
100,46,72,1,0,-0.000198,0.8181
100,46,38,1,0,-0.000288,0.8767
100,46,89,1,0,-0.00019,0.9084
100,46,87,1,0,-0.002897,0.9999
100,46,93,1,0,-0.000154,0.8061
100,46,11,1,0,-0.002156,0.8788
100,46,39,1,0,-0.00026,0.8066
100,46,7,1,0,-0.003085,0.7658
100,46,55,1,0,-0.000787,0.9721
100,46,53,1,0,-0.000155,0.9198
100,46,83,1,0,-0.000138,0.8966
100,46,84,1,0,-0.000414,0.8589
100,46,76,1,0,-1e-05,0.915
100,46,16,1,0,-0.000954,0.8547
100,46,12,1,0,-0.000605,0.9495
100,46,62,1,0,-0.001593,0.8996
100,46,21,1,0,-0.004781,0.9396
100,46,13,1,0,-0.001548,0.8735
200,42,46,1,0,-0.001338,0.9602
200,42,90,1,0,-2e-05,0.9059
200,42,147,1,0,-0.003484,0.9591
200,42,191,1,0,-0.000439,0.946
200,42,119,1,0,-0.000681,0.736
200,42,160,1,0,-0.001024,0.8729
200,42,170,1,0,-0.001444,0.8876
200,42,80,1,0,-0.000266,0.9935
200,42,25,1,0,-0.002748,0.9582
200,42,168,1,0,-0.000662,0.9573
200,42,121,1,0,-0.001772,0.9884
200,42,40,1,0,-0.003929,0.9855
200,42,192,1,0,-0.001283,0.7885
200,42,174,1,0,-0.000411,0.8551
200,42,19,1,0,-0.003373,0.9908
200,42,37,1,0,-0.000508,0.8847
200,42,32,1,0,-0.002349,0.8404
200,42,87,1,0,-0.005178,0.9733
200,42,171,1,0,-0.000441,1.0
200,42,23,1,0,-0.00433,0.9132
200,43,165,1,0,-0.004867,0.8997
200,43,182,1,0,-0.000942,0.9532
200,43,29,1,0,-3.6e-05,0.9685
200,43,77,1,0,-0.000525,0.9517
200,43,187,1,0,-0.000879,0.8196
200,43,84,1,0,-0.000511,0.8073
200,43,164,1,0,-0.001827,0.932
200,43,101,1,0,-0.000508,0.872
200,43,103,1,0,-0.000173,0.9057
200,43,63,1,0,-0.005576,0.9944
200,43,61,1,0,-0.003049,0.8822
200,43,162,1,0,-0.001036,0.7658
200,43,81,1,0,-0.000359,0.8934
200,43,37,1,0,-0.000474,0.8925
200,43,1,1,0,-0.000261,0.9115
200,43,104,1,0,-0.00382,0.797
200,43,40,1,0,-0.003491,0.8749
200,43,55,1,0,-0.000127,0.9395
200,43,57,1,0,-0.00883,0.8765
200,43,169,1,0,-0.003737,0.9362
200,44,91,1,0,-0.000344,0.9765
200,44,126,1,0,-0.00191,0.8546
200,44,57,0,1,-0.002044,0.9313
200,44,83,1,0,-0.002504,0.9367
200,44,61,1,0,-0.000458,0.9566
200,44,187,1,0,-0.000113,0.8989
200,44,88,1,0,-0.000744,0.9604
200,44,84,1,0,-0.000661,0.9964
200,44,41,1,0,-0.001287,0.9278
200,44,135,1,0,-0.003694,0.7169
200,44,162,1,0,-0.001663,0.9424
200,44,194,1,0,-0.000543,0.9132
200,44,15,1,0,-2.5e-05,0.9961
200,44,26,1,0,-0.000229,0.9963
200,44,148,1,0,-0.000953,0.83
200,44,44,1,0,-0.000907,0.8206
200,44,138,1,0,-0.00491,0.9458
200,44,111,1,0,-0.000467,0.922
200,44,149,1,0,-0.000592,0.9028
200,44,67,1,0,-0.004496,0.7432
200,45,127,1,0,-0.001802,0.9733
200,45,77,1,0,-0.00056,0.9515
200,45,61,1,0,-2e-05,0.9999
200,45,102,1,0,-0.000271,0.9558
200,45,195,1,0,-0.003791,0.7333
200,45,151,1,0,-0.001435,0.8913
200,45,170,1,0,-0.004124,0.8256
200,45,51,1,0,-0.00107,0.946
200,45,158,1,0,-0.002205,0.9999
200,45,20,1,0,-0.002725,0.8918
200,45,101,1,0,-0.003327,0.8926
200,45,70,0,1,-0.002534,0.8329
200,45,5,1,0,-0.000652,0.9268
200,45,25,1,0,-0.00128,0.9156
200,45,156,1,0,-0.002953,0.9002
200,45,6,1,0,-0.00127,0.9973
200,45,30,1,0,-0.002493,0.7604
200,45,82,1,0,-0.000773,0.839
200,45,34,1,0,-0.001964,0.9923
200,45,189,1,0,-0.002227,0.9246
200,46,5,1,0,-0.003315,0.7648
200,46,29,1,0,-0.007099,0.9156
200,46,73,1,0,-0.000523,0.9575
200,46,141,1,0,-0.000733,0.9704
200,46,8,1,0,-0.002922,0.7983
200,46,3,1,0,-0.000488,0.9233
200,46,195,1,0,-0.001119,0.8818
200,46,159,1,0,-0.000177,0.9146
200,46,53,1,0,-0.005049,0.7705
200,46,74,1,0,-0.00421,0.8892
200,46,138,1,0,-0.003017,0.7634
200,46,15,1,0,-0.001156,0.9002
200,46,68,1,0,-0.000698,0.7652
200,46,36,1,0,-0.002573,0.7731
200,46,4,1,0,-0.005802,0.9022
200,46,59,1,0,-0.001098,0.7934
200,46,41,0,1,-0.003474,0.9396
200,46,180,1,0,-0.00131,0.9725
200,46,126,1,0,-0.001245,0.9999
200,46,106,1,0,-0.000183,0.9733
500,42,33,0,1,-0.001891,0.8929
500,42,412,1,0,-0.003435,0.8635
500,42,365,1,0,-0.005283,0.9513
500,42,369,1,0,-0.004872,0.944
500,42,420,1,0,-0.003009,0.9486
500,42,488,1,0,-0.001584,0.8025
500,42,308,1,0,-0.003212,0.9601
500,42,109,0,1,-0.008633,0.753
500,42,18,1,0,-0.0248,0.7362
500,42,459,1,0,-0.0036,0.9629
500,42,303,1,0,-0.001711,0.9529
500,42,467,1,0,-0.00081,0.9166
500,42,93,1,0,-0.006512,0.7974
500,42,194,1,0,-0.001365,0.9871
500,42,368,0,1,-0.004055,0.9999
500,42,151,1,0,-0.002537,0.9402
500,42,478,1,0,-0.00463,0.9987
500,42,438,1,0,-0.004016,0.8775
500,42,393,1,0,-0.00259,0.7139
500,42,172,1,0,-0.001768,0.9956
500,43,486,1,0,-0.005633,0.9512
500,43,402,1,0,-0.001207,0.8555
500,43,357,1,0,-0.003396,0.8023
500,43,287,1,0,-0.002095,0.8141
500,43,210,0,1,-0.003911,0.9399
500,43,145,0,1,-0.001345,0.6589
500,43,80,1,0,-0.001646,0.9639
500,43,386,1,0,-0.000596,0.9062
500,43,338,0,1,-0.003911,0.8501
500,43,384,1,0,-0.001743,0.928
500,43,411,1,0,-0.005886,0.8351
500,43,321,1,0,-0.005093,0.9758
500,43,332,0,1,-0.004824,0.8437
500,43,163,0,1,-0.001209,0.936
500,43,49,1,0,-0.007723,0.9586
500,43,322,1,0,-0.001663,0.8253
500,43,458,1,0,-0.003935,0.8706
500,43,44,1,0,-0.00179,0.8668
500,43,140,1,0,-0.004151,0.8688
500,43,232,1,0,-0.00058,0.8773
500,44,472,1,0,-0.004229,0.7867
500,44,167,0,1,-0.008268,0.9331
500,44,91,1,0,-0.002397,0.9999
500,44,185,0,1,-0.003534,0.8609
500,44,445,1,0,-0.002833,0.9381
500,44,313,0,1,-0.000731,0.9776
500,44,174,0,1,-0.006828,0.9421
500,44,23,1,0,-0.003791,0.8028
500,44,341,1,0,-0.006217,0.8757
500,44,342,0,1,-0.002866,0.972
500,44,402,1,0,-0.003299,0.9714
500,44,132,1,0,-0.008666,0.8937
500,44,409,1,0,-0.018897,0.8218
500,44,79,0,1,-0.004235,0.8999
500,44,152,1,0,-0.004113,0.7539
500,44,305,1,0,-0.006942,0.8715
500,44,159,1,0,-0.005038,0.7831
500,44,284,1,1,-0.004896,0.8352
500,44,144,1,0,-0.003561,0.7947
500,44,454,1,0,-0.006727,0.8959
500,45,281,1,0,-0.004981,0.8895
500,45,372,1,0,-0.002357,0.7915
500,45,439,1,0,-0.003215,0.8569
500,45,386,1,0,-0.001459,0.938
500,45,310,1,0,-0.004967,0.9509
500,45,208,1,0,-0.005019,0.7732
500,45,438,1,0,-0.003876,0.9332
500,45,107,1,0,-0.001851,0.8842
500,45,38,1,0,-0.010628,0.9325
500,45,243,1,0,-0.012821,0.9137
500,45,239,1,0,-0.003742,0.9196
500,45,41,0,1,-0.001419,0.8695
500,45,244,1,0,-0.000729,0.9777
500,45,298,1,0,-0.000574,0.8736
500,45,177,1,0,-0.004984,0.8176
500,45,247,0,1,-0.003446,0.6866
500,45,333,0,1,-0.002844,0.8393
500,45,120,1,0,-0.002926,0.7911
500,45,485,1,0,-0.0005,0.9505
500,45,300,0,1,-0.002892,0.6681
500,46,409,1,0,-0.003233,0.9586
500,46,78,1,0,-0.002397,0.8044
500,46,105,0,1,-0.001022,0.7545
500,46,330,1,0,-0.004593,0.995
500,46,391,1,0,-0.002874,0.926
500,46,47,1,1,-0.001866,0.8899
500,46,97,1,0,-0.000679,0.9685
500,46,206,1,0,-0.001082,0.8957
500,46,162,0,1,-0.002325,0.9474
500,46,128,1,0,-0.000601,0.8246
500,46,150,1,0,-0.004454,0.9659
500,46,144,1,0,-0.002826,0.9572
500,46,55,0,1,-0.00507,0.8208
500,46,263,1,0,-0.002243,0.9103
500,46,232,1,0,-0.003716,0.8795
500,46,98,1,0,-0.005512,0.9523
500,46,72,1,0,-0.001859,0.7244
500,46,475,1,0,-0.004809,0.965
500,46,382,1,0,-0.00348,0.8418
500,46,30,0,1,-0.000583,0.6823
