N,seed,probe_idx,class,baseline_correct,a1_success,a1_retrieved,a1_pixel_i,a1_pixel_j,a1_pixel_val,a1_l2,a1_cosine_delta,a2_success,a2_retrieved,a2_pixel_i,a2_pixel_j,a2_channel,a2_pixel_val,a2_l2,a2_cosine_delta,b1_success,b1_retrieved,b2_success,b2_retrieved,cos_raw,cos_proc
100,42,53,Dog,1,0,53,26,12,0.0,0.9755,-2.2e-05,0,53,26,12,G,0.0,0.5732,-9e-06,0,0,0,0,0.84578,-0.00882
100,42,80,Ship,1,0,80,13,29,0.0,0.8729,-0.000376,0,80,13,29,G,0.0,0.5156,-0.000171,0,1,0,1,0.84578,-0.00882
100,42,76,Horse,1,0,76,21,13,1.0,0.9886,-0.000336,0,76,21,14,G,1.0,0.5709,-0.000151,0,2,0,2,0.84578,-0.00882
100,42,54,Dog,1,0,54,22,16,1.0,0.884,-0.001771,0,54,22,16,G,1.0,0.5248,-0.000942,0,3,0,3,0.84578,-0.00882
100,42,19,Automobile,1,0,19,1,5,0.0,0.9821,-0.000919,0,19,1,5,G,0.0,0.5778,-0.000437,0,4,0,4,0.84578,-0.00882
100,42,37,Cat,1,0,37,9,18,0.0,0.8088,-0.001245,0,37,9,18,G,0.0,0.4857,-0.000608,0,5,0,5,0.84578,-0.00882
100,42,65,Frog,1,0,65,25,21,1.0,0.8538,-0.001419,0,65,25,21,G,1.0,0.5018,-0.000695,0,6,0,6,0.84578,-0.00882
100,42,93,Truck,1,0,93,1,29,0.0,0.9987,-4.9e-05,0,93,1,29,G,0.0,0.587,-1.3e-05,0,7,0,7,0.84578,-0.00882
100,42,22,Bird,1,0,22,16,23,1.0,0.9096,-0.000516,0,22,16,23,G,1.0,0.5341,-0.000233,0,8,0,8,0.84578,-0.00882
100,42,63,Frog,1,0,63,25,15,0.0,0.9771,-7.5e-05,0,63,25,15,G,0.0,0.5778,-3.2e-05,0,9,0,9,0.84578,-0.00882
100,42,81,Ship,1,0,81,21,9,0.0,0.8502,-0.00011,0,81,10,0,G,1.0,0.5824,-4.4e-05,0,10,0,10,0.84578,-0.00882
100,42,35,Cat,1,0,35,16,28,1.0,0.8423,-0.000754,0,35,17,28,G,1.0,0.4926,-0.000379,0,11,0,11,0.84578,-0.00882
100,42,8,Airplane,1,0,8,18,24,0.0,0.989,-0.000982,0,8,18,24,G,0.0,0.5824,-0.000391,0,12,0,12,0.84578,-0.00882
100,42,97,Truck,1,0,97,25,17,1.0,0.93,-0.000117,0,97,11,10,G,0.0,0.5502,-1.4e-05,0,13,0,13,0.84578,-0.00882
100,42,52,Dog,1,0,52,6,13,0.0,0.9511,-0.000596,0,52,6,13,G,0.0,0.5571,-0.000307,0,14,0,14,0.84578,-0.00882
100,42,78,Horse,1,0,78,11,16,1.0,0.8368,-0.000148,0,78,18,25,G,1.0,0.5156,-4.3e-05,0,15,0,15,0.84578,-0.00882
100,42,11,Automobile,1,0,11,9,31,0.0,0.9344,-0.000134,0,11,8,26,G,0.0,0.5686,-5.5e-05,0,16,0,16,0.84578,-0.00882
100,42,20,Bird,1,0,20,11,15,1.0,0.9855,-0.001131,0,20,10,13,G,1.0,0.5755,-0.000499,0,17,0,17,0.84578,-0.00882
100,42,4,Airplane,1,0,4,16,18,1.0,0.9055,-0.003944,0,4,16,18,G,1.0,0.5271,-0.001628,0,18,0,18,0.84578,-0.00882
100,42,70,Horse,1,0,70,20,18,0.0,0.8722,-0.000545,0,70,20,18,G,0.0,0.5041,-0.000239,0,19,0,19,0.84578,-0.00882
100,42,95,Truck,1,0,95,19,5,0.0,0.9727,-1.6e-05,0,95,19,5,G,0.0,0.5709,-1e-06,0,20,0,20,0.84578,-0.00882
100,42,56,Dog,1,0,56,5,1,1.0,0.8877,-0.00071,0,56,5,1,G,1.0,0.5248,-0.000345,0,21,0,21,0.84578,-0.00882
100,42,34,Cat,1,0,34,13,31,1.0,0.9859,-0.000143,0,34,13,31,G,1.0,0.5778,-5.4e-05,0,22,0,22,0.84578,-0.00882
100,42,40,Deer,1,0,40,15,4,0.0,0.9935,-0.00048,0,40,15,4,G,0.0,0.5847,-0.000261,0,23,0,23,0.84578,-0.00882
100,42,57,Dog,1,0,57,24,3,1.0,0.9737,-0.000108,0,57,23,24,G,0.0,0.587,-2.7e-05,0,24,0,24,0.84578,-0.00882
100,42,7,Airplane,1,0,7,27,3,0.0,0.9719,-0.001177,0,7,16,18,G,0.0,0.5364,-0.00047,0,25,0,25,0.84578,-0.00882
100,42,89,Ship,1,0,89,12,9,0.0,0.9423,-0.000596,0,89,12,9,G,0.0,0.5548,-0.000293,0,26,0,26,0.84578,-0.00882
100,42,88,Ship,1,0,88,14,15,0.0,0.9573,-0.000215,0,88,19,4,G,0.0,0.5847,-6.4e-05,0,27,0,27,0.84578,-0.00882
100,42,2,Airplane,1,0,2,8,20,1.0,0.8059,-0.001079,0,2,8,20,G,1.0,0.4765,-0.0006,0,28,0,28,0.84578,-0.00882
100,42,33,Cat,1,0,33,28,27,1.0,0.8657,-0.000106,0,33,27,1,G,0.0,0.5202,-9e-06,0,29,0,29,0.84578,-0.00882
100,42,28,Bird,1,0,28,25,7,1.0,0.8615,-0.000482,0,28,25,7,G,1.0,0.5202,-0.00023,0,30,0,30,0.84578,-0.00882
100,42,72,Horse,1,0,72,8,14,1.0,0.8781,-0.000351,0,72,10,31,G,0.0,0.4512,-0.00018,0,31,0,31,0.84578,-0.00882
100,42,46,Deer,1,0,46,27,19,0.0,0.9869,-1.2e-05,0,46,27,19,G,0.0,0.5801,-3e-06,0,32,0,32,0.84578,-0.00882
100,42,45,Deer,1,0,45,16,13,1.0,0.792,-0.000485,0,45,16,13,G,1.0,0.4673,-0.000159,0,33,0,33,0.84578,-0.00882
100,42,74,Horse,1,0,74,2,27,1.0,0.9193,-0.000606,0,74,2,27,G,1.0,0.5387,-0.000296,0,34,0,34,0.84578,-0.00882
100,42,49,Deer,1,0,49,13,15,1.0,0.8853,-0.000345,0,49,14,26,G,0.0,0.465,-0.000157,0,35,0,35,0.84578,-0.00882
100,42,90,Truck,1,0,90,5,14,1.0,0.8028,-0.000178,0,90,16,5,G,0.0,0.5318,-6.3e-05,0,36,0,36,0.84578,-0.00882
100,42,15,Automobile,1,0,15,13,29,0.0,0.9582,-0.000932,0,15,13,29,G,0.0,0.564,-0.000454,0,37,0,37,0.84578,-0.00882
100,42,62,Frog,1,0,62,31,0,0.0,0.9449,-0.000305,0,62,31,0,G,0.0,0.5525,-0.000131,0,38,0,38,0.84578,-0.00882
100,42,82,Ship,1,0,82,5,20,1.0,0.8578,-0.001421,0,82,5,20,G,1.0,0.5018,-0.000724,0,39,0,39,0.84578,-0.00882
100,42,73,Horse,1,0,73,17,7,0.0,0.9245,-3.5e-05,0,73,17,7,G,0.0,0.5456,-1.5e-05,0,40,0,40,0.84578,-0.00882
100,42,32,Cat,1,0,32,31,22,0.0,0.9711,-0.000233,0,32,31,22,G,0.0,0.5709,-0.00011,0,41,0,41,0.84578,-0.00882
100,42,86,Ship,1,0,86,18,17,0.0,0.9484,-0.000709,0,86,18,17,G,0.0,0.5594,-0.000332,0,42,0,42,0.84578,-0.00882
100,42,84,Ship,1,0,84,15,16,0.0,0.9438,-0.000464,0,84,15,16,G,0.0,0.5525,-0.000222,0,43,0,43,0.84578,-0.00882
100,42,58,Dog,1,0,58,15,22,0.0,0.999,-2.9e-05,0,58,15,22,G,0.0,0.587,-1e-05,0,44,0,44,0.84578,-0.00882
100,42,44,Deer,1,0,44,23,25,1.0,0.9235,-0.000538,0,44,23,25,G,1.0,0.541,-0.000219,0,45,0,45,0.84578,-0.00882
100,42,29,Bird,1,0,29,7,11,0.0,0.753,-0.003026,0,29,6,16,G,0.0,0.4259,-0.001466,0,46,0,46,0.84578,-0.00882
100,42,83,Ship,1,0,83,20,26,1.0,0.9904,-0.001199,0,83,20,26,G,1.0,0.5824,-0.000576,0,47,0,47,0.84578,-0.00882
100,42,41,Deer,1,0,41,15,19,0.0,0.8658,-0.000639,0,41,15,19,G,0.0,0.4972,-0.000312,0,48,0,48,0.84578,-0.00882
100,42,66,Frog,1,0,66,6,26,0.0,0.8953,-0.000132,0,66,16,0,G,1.0,0.564,-3.9e-05,0,49,0,49,0.84578,-0.00882
100,43,17,Automobile,1,0,17,27,27,1.0,1.0,-0.000695,0,17,27,27,G,1.0,0.587,-0.000354,0,0,0,0,0.83996,-0.00913
100,43,15,Automobile,1,0,15,21,5,0.0,0.8998,-0.002042,0,15,21,5,G,0.0,0.5364,-0.001076,0,1,0,1,0.83996,-0.00913
100,43,58,Dog,1,0,58,0,22,1.0,0.8101,-0.000341,0,58,0,22,G,1.0,0.4742,-0.000134,0,2,0,2,0.83996,-0.00913
100,43,48,Deer,1,0,48,2,1,0.0,0.8274,-0.00078,0,48,2,1,G,0.0,0.4857,-0.000375,0,3,0,3,0.83996,-0.00913
100,43,6,Airplane,1,0,6,16,31,1.0,0.9381,-0.000753,0,6,16,17,G,1.0,0.5156,-0.000357,0,4,0,4,0.83996,-0.00913
100,43,99,Truck,1,0,99,4,6,0.0,0.9098,-0.000212,0,99,31,24,G,1.0,0.5479,-2.8e-05,0,5,0,5,0.83996,-0.00913
100,43,2,Airplane,1,0,2,20,9,1.0,0.8497,-0.002064,0,2,20,9,G,1.0,0.4972,-0.000959,0,6,0,6,0.83996,-0.00913
100,43,45,Deer,1,0,45,6,28,0.0,0.9712,-0.000273,0,45,6,28,G,0.0,0.5709,-0.000127,0,7,0,7,0.83996,-0.00913
100,43,33,Cat,1,0,33,21,9,0.0,0.9953,-0.002599,0,33,21,9,G,0.0,0.5847,-0.001291,0,8,0,8,0.83996,-0.00913
100,43,19,Automobile,1,0,19,17,3,0.0,0.9685,-1e-05,0,19,17,16,G,0.0,0.5663,-2e-06,0,9,0,9,0.83996,-0.00913
100,43,63,Frog,1,0,63,8,22,1.0,0.9536,-0.000154,0,63,24,0,G,0.0,0.5663,-6e-05,0,10,0,10,0.83996,-0.00913
100,43,13,Automobile,1,0,13,7,27,0.0,0.9837,-0.000533,0,13,7,27,G,0.0,0.5778,-0.000247,0,11,0,11,0.83996,-0.00913
100,43,21,Bird,1,0,21,7,16,0.0,0.9252,-0.001546,0,21,7,16,G,0.0,0.5456,-0.000781,0,12,0,12,0.83996,-0.00913
100,43,93,Truck,1,0,93,8,6,1.0,0.8709,-0.000136,0,93,4,16,G,0.0,0.5709,-1.9e-05,0,13,0,13,0.83996,-0.00913
100,43,16,Automobile,1,0,16,21,9,1.0,0.9637,-0.000593,0,16,21,9,G,1.0,0.564,-0.000291,0,14,0,14,0.83996,-0.00913
100,43,20,Bird,1,0,20,23,22,1.0,0.884,-0.001402,0,20,23,22,G,1.0,0.5133,-0.00061,0,15,0,15,0.83996,-0.00913
100,43,28,Bird,1,0,28,12,16,0.0,0.901,-0.001001,0,28,12,16,G,0.0,0.5225,-0.000407,0,16,0,16,0.83996,-0.00913
100,43,62,Frog,1,0,62,18,4,1.0,0.9509,-0.00233,0,62,13,28,G,0.0,0.4167,-0.001047,0,17,0,17,0.83996,-0.00913
100,43,71,Horse,1,0,71,0,0,0.0,0.8569,-0.002135,0,71,0,0,G,0.0,0.5087,-0.001087,0,18,0,18,0.83996,-0.00913
100,43,9,Airplane,1,0,9,24,2,1.0,0.8331,-0.001004,0,9,24,2,G,1.0,0.4903,-0.000523,0,19,0,19,0.83996,-0.00913
100,43,50,Dog,1,0,50,0,16,0.0,0.8402,-0.000678,0,50,0,16,G,0.0,0.4857,-0.000303,0,20,0,20,0.83996,-0.00913
100,43,54,Dog,1,0,54,6,8,0.0,0.797,-0.001533,0,54,6,8,G,0.0,0.4719,-0.000756,0,21,0,21,0.83996,-0.00913
100,43,53,Dog,1,0,53,0,27,1.0,0.9057,-0.000104,0,53,6,29,G,1.0,0.5341,-2.7e-05,0,22,0,22,0.83996,-0.00913
100,43,34,Cat,1,0,34,30,21,1.0,0.9348,-0.000555,0,34,29,15,G,1.0,0.5617,-0.000212,0,23,0,23,0.83996,-0.00913
100,43,37,Cat,1,0,37,0,30,0.0,0.9051,-0.002205,0,37,0,30,G,0.0,0.5341,-0.00104,0,24,0,24,0.83996,-0.00913
100,43,94,Truck,1,0,94,0,6,0.0,0.9657,-0.000481,0,94,0,6,G,0.0,0.5686,-0.0002,0,25,0,25,0.83996,-0.00913
100,43,95,Truck,1,0,95,15,4,1.0,0.7963,-0.000503,0,95,15,4,G,1.0,0.4673,-0.000234,0,26,0,26,0.83996,-0.00913
100,43,51,Dog,1,0,51,22,16,0.0,0.872,-0.00015,0,51,7,17,G,1.0,0.5594,-1.5e-05,0,27,0,27,0.83996,-0.00913
100,43,42,Deer,1,0,42,7,1,1.0,0.8333,-0.000362,0,42,17,16,G,1.0,0.541,-0.000161,0,28,0,28,0.83996,-0.00913
100,43,97,Truck,1,0,97,0,31,0.0,0.7666,-0.000221,0,97,0,31,G,0.0,0.4604,-0.000105,0,29,0,29,0.83996,-0.00913
100,43,72,Horse,1,0,72,20,22,1.0,0.8924,-0.001181,0,72,26,0,G,0.0,0.4443,-0.000552,0,30,0,30,0.83996,-0.00913
100,43,31,Cat,1,0,31,15,15,0.0,0.8822,-0.000713,0,31,15,9,G,0.0,0.4742,-0.000295,0,31,0,31,0.83996,-0.00913
100,43,69,Frog,1,0,69,23,12,0.0,0.7816,-0.000121,0,69,23,12,G,0.0,0.4903,-5.3e-05,0,32,0,32,0.83996,-0.00913
100,43,26,Bird,1,0,26,23,21,1.0,0.9444,-0.003071,0,26,23,21,G,1.0,0.5548,-0.001443,0,33,0,33,0.83996,-0.00913
100,43,83,Ship,1,0,83,21,2,1.0,0.8369,-0.000143,0,83,29,28,G,0.0,0.5824,1e-06,0,34,0,34,0.83996,-0.00913
100,43,80,Ship,1,0,80,21,12,0.0,0.9987,-0.001534,0,80,21,12,G,0.0,0.587,-0.00075,0,35,0,35,0.83996,-0.00913
100,43,27,Bird,1,0,27,6,18,0.0,0.9759,-0.000505,0,27,6,18,G,0.0,0.5732,-0.000233,0,36,0,36,0.83996,-0.00913
100,43,91,Truck,1,0,91,6,11,0.0,0.9569,-0.000991,0,91,6,11,G,0.0,0.5571,-0.000466,0,37,0,37,0.83996,-0.00913
100,43,73,Horse,1,0,73,20,23,1.0,0.9233,-0.000187,0,73,1,17,G,0.0,0.5755,-1.3e-05,0,38,0,38,0.83996,-0.00913
100,43,86,Ship,1,0,86,25,15,0.0,0.9665,-0.000437,0,86,25,15,G,0.0,0.5686,-0.000211,0,39,0,39,0.83996,-0.00913
100,43,61,Frog,1,0,61,25,0,1.0,0.8783,-0.001963,0,61,27,2,G,1.0,0.5041,-0.000926,0,40,0,40,0.83996,-0.00913
100,43,1,Airplane,1,0,1,16,15,0.0,0.9552,-4.9e-05,0,1,16,15,G,0.0,0.5571,-1.6e-05,0,41,0,41,0.83996,-0.00913
100,43,57,Dog,1,0,57,15,3,0.0,0.7308,-0.001626,0,57,15,3,G,0.0,0.4489,-0.000916,0,42,0,42,0.83996,-0.00913
100,43,96,Truck,1,0,96,24,22,1.0,0.8216,-0.000638,0,96,24,22,G,1.0,0.4834,-0.000315,0,43,0,43,0.83996,-0.00913
100,43,46,Deer,1,0,46,18,17,1.0,0.8765,-0.001382,0,46,18,17,G,1.0,0.5156,-0.000624,0,44,0,44,0.83996,-0.00913
100,43,40,Deer,1,0,40,20,22,1.0,0.8996,-0.000571,0,40,20,22,G,1.0,0.5295,-0.000292,0,45,0,45,0.83996,-0.00913
100,43,52,Dog,1,0,52,6,13,0.0,0.8836,-0.000375,0,52,6,13,G,0.0,0.5271,-0.000166,0,46,0,46,0.83996,-0.00913
100,43,12,Automobile,1,0,12,13,17,1.0,0.9969,-0.001071,0,12,13,17,G,1.0,0.587,-0.000499,0,47,0,47,0.83996,-0.00913
100,43,30,Cat,1,0,30,10,0,0.0,0.9987,-0.00013,0,30,11,3,G,0.0,0.587,-4.1e-05,0,48,0,48,0.83996,-0.00913
100,43,10,Automobile,1,0,10,11,22,0.0,0.8117,-0.000811,0,10,11,22,G,0.0,0.4742,-0.000382,0,49,0,49,0.83996,-0.00913
100,44,46,Deer,1,0,46,14,13,1.0,0.8395,-0.004971,0,46,14,13,G,1.0,0.5041,-0.002253,0,0,0,0,0.82957,-0.00916
100,44,86,Ship,1,0,86,21,18,1.0,0.8877,-0.00153,0,86,21,18,G,1.0,0.5202,-0.000703,0,1,0,1,0.82957,-0.00916
100,44,32,Cat,1,0,32,18,24,0.0,0.7591,-0.000632,0,32,13,25,G,1.0,0.4558,-0.000277,0,2,0,2,0.82957,-0.00916
100,44,9,Airplane,1,0,9,27,29,1.0,0.9869,-0.000272,0,9,27,29,G,1.0,0.5824,-0.000129,0,3,0,3,0.82957,-0.00916
100,44,22,Bird,1,0,22,7,22,1.0,0.9243,-0.000151,0,22,8,20,G,1.0,0.564,-5.8e-05,0,4,0,4,0.82957,-0.00916
100,44,65,Frog,1,0,65,9,10,1.0,0.8715,-0.000841,0,65,9,10,G,1.0,0.511,-0.000379,0,5,0,5,0.82957,-0.00916
100,44,25,Bird,1,0,25,3,6,1.0,0.8403,-0.000366,0,25,3,6,G,1.0,0.5041,-0.000183,0,6,0,6,0.82957,-0.00916
100,44,78,Horse,1,0,78,7,30,1.0,0.83,-0.000199,0,78,0,27,G,0.0,0.5571,-2.6e-05,0,7,0,7,0.82957,-0.00916
100,44,87,Ship,1,0,87,9,10,0.0,0.9801,-0.000214,0,87,18,15,G,1.0,0.5525,-0.000105,0,8,0,8,0.82957,-0.00916
100,44,5,Airplane,1,0,5,19,30,0.0,0.9318,-0.000639,0,5,18,30,G,0.0,0.5156,-0.000318,0,9,0,9,0.82957,-0.00916
100,44,31,Cat,1,0,31,24,0,0.0,0.9727,-0.000353,0,31,24,0,G,0.0,0.5709,-0.000188,0,10,0,10,0.82957,-0.00916
100,44,15,Automobile,1,0,15,26,28,1.0,0.9133,-0.000254,0,15,26,28,G,1.0,0.5387,-0.000108,0,11,0,11,0.82957,-0.00916
100,44,64,Frog,1,0,64,13,23,0.0,0.8499,-0.001074,0,64,13,23,G,0.0,0.4903,-0.000554,0,12,0,12,0.82957,-0.00916
100,44,6,Airplane,1,0,6,8,25,1.0,0.9146,-0.000906,0,6,8,25,G,1.0,0.5364,-0.000438,0,13,0,13,0.82957,-0.00916
100,44,44,Deer,1,0,44,1,21,0.0,0.9964,-0.000413,0,44,2,29,G,0.0,0.5755,-0.000182,0,14,0,14,0.82957,-0.00916
100,44,42,Deer,1,0,42,1,31,0.0,0.8043,-0.002566,0,42,1,31,G,0.0,0.5156,-0.001455,0,15,0,15,0.82957,-0.00916
100,44,41,Deer,1,0,41,12,11,1.0,0.9092,-0.002427,0,41,12,11,G,1.0,0.5571,-0.001028,0,16,0,16,0.82957,-0.00916
100,44,91,Truck,1,0,91,31,0,0.0,0.9729,-0.000265,0,91,31,24,G,0.0,0.5225,-0.000115,0,17,0,17,0.82957,-0.00916
100,44,12,Automobile,1,0,12,20,1,1.0,0.9409,-0.000521,0,12,20,1,G,1.0,0.5525,-0.000262,0,18,0,18,0.82957,-0.00916
100,44,85,Ship,1,0,85,19,25,1.0,0.9504,-0.001344,0,85,19,25,G,1.0,0.5571,-0.000641,0,19,0,19,0.82957,-0.00916
100,44,13,Automobile,1,0,13,1,10,1.0,0.9996,-4.1e-05,0,13,1,10,G,1.0,0.587,-1.6e-05,0,20,0,20,0.82957,-0.00916
100,44,52,Dog,1,0,52,6,26,1.0,0.9695,-0.0001,0,52,6,26,G,1.0,0.5709,-4.2e-05,0,21,0,21,0.82957,-0.00916
100,44,69,Frog,1,0,69,22,20,1.0,0.8859,-0.003933,0,69,22,20,G,1.0,0.5202,-0.001874,0,22,0,22,0.82957,-0.00916
100,44,49,Deer,1,0,49,8,4,1.0,0.7796,-0.001304,0,49,8,4,G,1.0,0.4512,-0.000649,0,23,0,23,0.82957,-0.00916
100,44,80,Ship,1,0,80,18,0,0.0,0.996,-4.7e-05,0,80,18,0,G,0.0,0.5847,-1.1e-05,0,24,0,24,0.82957,-0.00916
100,44,68,Frog,1,0,68,9,13,1.0,0.85,-0.000135,0,68,18,2,G,0.0,0.587,-3.8e-05,0,25,0,25,0.82957,-0.00916
100,44,8,Airplane,1,0,8,16,18,0.0,0.8075,-0.00208,0,8,16,18,G,0.0,0.4903,-0.001008,0,26,0,26,0.82957,-0.00916
100,44,38,Cat,1,0,38,25,0,1.0,1.0,-0.000627,0,38,25,0,G,1.0,0.587,-0.000302,0,27,0,27,0.82957,-0.00916
100,44,40,Deer,1,0,40,17,19,1.0,0.8543,-0.000834,0,40,17,19,G,1.0,0.5133,-0.000434,0,28,0,28,0.82957,-0.00916
100,44,37,Cat,1,0,37,31,19,0.0,0.7632,-0.002214,0,37,31,19,G,0.0,0.442,-0.001102,0,29,0,29,0.82957,-0.00916
100,44,72,Horse,1,0,72,7,14,0.0,0.9964,-0.000334,0,72,7,14,G,0.0,0.5847,-0.000137,0,30,0,30,0.82957,-0.00916
100,44,77,Horse,1,0,77,4,21,1.0,0.8435,-0.000127,0,77,5,2,G,0.0,0.5456,-2.1e-05,0,31,0,31,0.82957,-0.00916
100,44,55,Dog,1,0,55,9,12,0.0,0.9807,-0.001023,0,55,9,12,G,0.0,0.5709,-0.000455,0,32,0,32,0.82957,-0.00916
100,44,27,Bird,1,0,27,13,1,0.0,0.9999,-0.000817,0,27,13,1,G,0.0,0.587,-0.000378,0,33,0,33,0.82957,-0.00916
100,44,89,Ship,1,0,89,13,10,0.0,0.8218,-0.000693,0,89,13,10,G,0.0,0.4811,-0.000227,0,34,0,34,0.82957,-0.00916
100,44,30,Cat,1,0,30,12,28,0.0,0.9578,-0.000518,0,30,11,23,G,0.0,0.5156,-0.000231,0,35,0,35,0.82957,-0.00916
100,44,94,Truck,1,0,94,15,22,0.0,0.9416,-0.000611,0,94,9,5,G,0.0,0.511,-0.000297,0,36,0,36,0.82957,-0.00916
100,44,36,Cat,1,0,36,22,5,1.0,0.8848,-0.000164,0,36,17,3,G,0.0,0.5479,-3.6e-05,0,37,0,37,0.82957,-0.00916
100,44,10,Automobile,1,0,10,19,20,1.0,0.973,-0.000241,0,10,26,3,G,1.0,0.587,-4.6e-05,0,38,0,38,0.82957,-0.00916
100,44,51,Dog,1,0,51,1,4,0.0,0.7862,-0.001078,0,51,1,4,G,0.0,0.4535,-0.000551,0,39,0,39,0.82957,-0.00916
100,44,81,Ship,1,0,81,20,20,1.0,0.8389,-0.000286,0,81,20,20,G,1.0,0.4972,-0.00013,0,40,0,40,0.82957,-0.00916
100,44,28,Bird,1,0,28,12,27,1.0,0.8651,-0.000224,0,28,12,27,G,1.0,0.5087,-0.0001,0,41,0,41,0.82957,-0.00916
100,44,4,Airplane,1,0,4,24,11,1.0,0.9432,-0.000126,0,4,14,17,G,0.0,0.5341,-3.2e-05,0,42,0,42,0.82957,-0.00916
100,44,7,Airplane,1,0,7,18,23,1.0,0.8941,-0.000991,0,7,18,23,G,1.0,0.5295,-0.000454,0,43,0,43,0.82957,-0.00916
100,44,48,Deer,1,0,48,0,31,0.0,0.9604,-0.00037,0,48,0,31,G,0.0,0.5755,-0.000166,0,44,0,44,0.82957,-0.00916
100,44,34,Cat,1,0,34,22,0,1.0,0.9753,-1.1e-05,0,34,22,0,G,1.0,0.5755,-5e-06,0,45,0,45,0.82957,-0.00916
100,44,33,Cat,1,0,33,14,26,1.0,0.8978,-0.000486,0,33,14,26,G,1.0,0.5271,-0.000192,0,46,0,46,0.82957,-0.00916
100,44,63,Frog,1,0,63,13,5,0.0,0.7753,-0.002938,0,63,13,5,G,0.0,0.5041,-0.001688,0,47,0,47,0.82957,-0.00916
100,44,75,Horse,1,0,75,0,22,0.0,0.9894,-0.000637,0,75,0,21,G,0.0,0.5847,-0.000307,0,48,0,48,0.82957,-0.00916
100,44,39,Cat,1,0,39,5,18,0.0,0.7831,-0.000537,0,39,5,18,G,0.0,0.4397,-0.000243,0,49,0,49,0.82957,-0.00916
100,45,89,Ship,1,0,89,0,11,0.0,0.9638,-0.000541,0,89,0,11,G,0.0,0.5755,-0.000231,0,0,0,0,0.82437,-0.00852
100,45,67,Frog,1,0,67,15,14,0.0,0.9733,-0.0007,0,67,15,14,G,0.0,0.5755,-0.000334,0,1,0,1,0.82437,-0.00852
100,45,73,Horse,1,0,73,18,5,0.0,0.9692,-3.2e-05,0,73,18,5,G,0.0,0.5732,-1.1e-05,0,2,0,2,0.82437,-0.00852
100,45,75,Horse,1,0,75,19,1,0.0,0.9999,-8.5e-05,0,75,19,1,G,0.0,0.587,-3.6e-05,0,3,0,3,0.82437,-0.00852
100,45,1,Airplane,1,0,1,6,3,1.0,0.7344,-0.001273,0,1,6,3,G,1.0,0.4351,-0.000691,0,4,0,4,0.82437,-0.00852
100,45,62,Frog,1,0,62,2,28,0.0,0.8242,-0.000705,0,62,2,29,G,0.0,0.5018,-0.000302,0,5,0,5,0.82437,-0.00852
100,45,55,Dog,1,0,55,12,14,0.0,0.9475,-2.5e-05,0,55,12,14,G,0.0,0.5663,-1e-05,0,6,0,6,0.82437,-0.00852
100,45,42,Deer,1,0,42,4,25,1.0,0.839,-0.000191,0,42,30,2,G,0.0,0.587,-2.5e-05,0,7,0,7,0.82437,-0.00852
100,45,95,Truck,1,0,95,17,31,0.0,0.9917,-0.000639,0,95,11,19,G,1.0,0.5018,-0.000309,0,8,0,8,0.82437,-0.00852
100,45,3,Airplane,1,0,3,23,3,1.0,0.9949,-0.00142,0,3,23,3,G,1.0,0.5847,-0.000747,0,9,0,9,0.82437,-0.00852
100,45,4,Airplane,1,0,4,3,30,1.0,0.814,-0.000813,0,4,3,30,G,1.0,0.4811,-0.00042,0,10,0,10,0.82437,-0.00852
100,45,38,Cat,1,0,38,17,28,0.0,0.9649,-6.5e-05,0,38,17,28,G,0.0,0.5663,-2.9e-05,0,11,0,11,0.82437,-0.00852
100,45,12,Automobile,1,0,12,16,8,0.0,0.9666,-2.4e-05,0,12,16,8,G,0.0,0.5709,-1e-05,0,12,0,12,0.82437,-0.00852
100,45,97,Truck,1,0,97,7,5,1.0,0.8567,-0.000883,0,97,7,5,G,1.0,0.4972,-0.000424,0,13,0,13,0.82437,-0.00852
100,45,79,Horse,1,0,79,21,8,1.0,0.9978,-2e-05,0,79,21,8,G,1.0,0.587,-7e-06,0,14,0,14,0.82437,-0.00852
100,45,9,Airplane,1,0,9,22,6,0.0,0.9224,-0.000913,0,9,22,6,G,0.0,0.541,-0.000398,0,15,0,15,0.82437,-0.00852
100,45,17,Automobile,1,0,17,17,13,1.0,0.971,-0.001367,0,17,17,13,G,1.0,0.5847,-0.000635,0,16,0,16,0.82437,-0.00852
100,45,58,Dog,1,0,58,6,18,0.0,0.777,-0.000823,0,58,6,18,G,0.0,0.4512,-0.000404,0,17,0,17,0.82437,-0.00852
100,45,26,Bird,1,0,26,11,13,1.0,0.9329,-0.003013,0,26,11,13,G,1.0,0.541,-0.001444,0,18,0,18,0.82437,-0.00852
100,45,41,Deer,1,0,41,19,29,1.0,0.8567,-0.000522,0,41,19,29,G,1.0,0.5087,-0.000243,0,19,0,19,0.82437,-0.00852
100,45,57,Dog,1,0,57,23,20,0.0,0.8936,-0.001139,0,57,23,20,G,0.0,0.5133,-0.000487,0,20,0,20,0.82437,-0.00852
100,45,68,Frog,1,0,68,24,17,1.0,0.9279,-0.004902,0,68,12,3,G,0.0,0.4328,-0.002237,0,21,0,21,0.82437,-0.00852
100,45,25,Bird,1,0,25,8,9,1.0,0.7879,-0.000499,0,25,8,9,G,1.0,0.4604,-0.000244,0,22,0,22,0.82437,-0.00852
100,45,33,Cat,1,0,33,3,23,0.0,0.752,-0.002103,0,33,3,23,G,0.0,0.4374,-0.000983,0,23,0,23,0.82437,-0.00852
100,45,23,Bird,1,0,23,18,27,0.0,0.8954,-0.00059,0,23,9,21,G,0.0,0.5064,-0.000239,0,24,0,24,0.82437,-0.00852
100,45,2,Airplane,1,0,2,10,24,1.0,0.7523,-0.003087,0,2,10,24,G,1.0,0.4397,-0.001546,0,25,0,25,0.82437,-0.00852
100,45,44,Deer,1,0,44,8,2,0.0,0.8662,-0.004388,0,44,8,2,G,0.0,0.4949,-0.00211,0,26,0,26,0.82437,-0.00852
100,45,59,Dog,1,0,59,5,16,0.0,0.928,-0.001675,0,59,5,16,G,0.0,0.5525,-0.00085,0,27,0,27,0.82437,-0.00852
100,45,84,Ship,1,0,84,12,4,1.0,0.9255,-0.001293,0,84,12,4,G,1.0,0.5433,-0.000648,0,28,0,28,0.82437,-0.00852
100,45,37,Cat,1,0,37,31,31,1.0,0.8784,-0.000524,0,37,31,31,G,1.0,0.5156,-0.000235,0,29,0,29,0.82437,-0.00852
100,45,40,Deer,1,0,40,13,0,0.0,0.889,-0.000727,0,40,13,0,G,0.0,0.5433,-0.000349,0,30,0,30,0.82437,-0.00852
100,45,27,Bird,1,0,27,9,25,1.0,0.8982,-0.000158,0,27,22,18,G,1.0,0.5617,-4e-05,0,31,0,31,0.82437,-0.00852
100,45,35,Cat,1,0,35,12,5,0.0,0.9027,-0.000968,0,35,12,5,G,0.0,0.5295,-0.000467,0,32,0,32,0.82437,-0.00852
100,45,48,Deer,1,0,48,7,5,0.0,0.7732,-0.000707,0,48,7,5,G,0.0,0.4351,-0.000322,0,33,0,33,0.82437,-0.00852
100,45,85,Ship,1,0,85,27,24,0.0,0.9566,-5.1e-05,0,85,27,24,G,0.0,0.5594,-1.8e-05,0,34,0,34,0.82437,-0.00852
100,45,21,Bird,1,0,21,31,22,0.0,0.8673,-0.002619,0,21,31,22,G,0.0,0.5064,-0.001368,0,35,0,35,0.82437,-0.00852
100,45,99,Truck,1,0,99,22,21,1.0,0.9253,-0.00156,0,99,22,21,G,1.0,0.5594,-0.000833,0,36,0,36,0.82437,-0.00852
100,45,56,Dog,1,0,56,14,17,1.0,0.9332,-0.001683,0,56,10,30,G,0.0,0.3936,-0.000792,0,37,0,37,0.82437,-0.00852
100,45,72,Horse,1,0,72,7,5,1.0,0.881,-0.00091,0,72,7,5,G,1.0,0.5179,-0.000494,0,38,0,38,0.82437,-0.00852
100,45,46,Deer,1,0,46,0,31,1.0,0.7549,-0.000119,0,46,12,18,G,0.0,0.4903,-3.8e-05,0,39,0,39,0.82437,-0.00852
100,45,0,Airplane,1,0,0,13,14,0.0,0.9288,-0.001794,0,0,13,14,G,0.0,0.5571,-0.000872,0,40,0,40,0.82437,-0.00852
100,45,8,Airplane,1,0,8,29,19,0.0,0.7369,-0.000369,0,8,30,20,G,0.0,0.4282,-0.000164,0,41,0,41,0.82437,-0.00852
100,45,14,Automobile,1,0,14,28,3,1.0,0.9492,-0.001514,0,14,28,3,G,1.0,0.5594,-0.000803,0,42,0,42,0.82437,-0.00852
100,45,60,Frog,1,0,60,10,29,0.0,0.6681,-0.003199,0,60,10,29,G,0.0,0.3913,-0.001648,0,43,0,43,0.82437,-0.00852
100,45,98,Truck,1,0,98,8,1,1.0,0.7137,-0.00092,0,98,8,1,G,1.0,0.3982,-0.000449,0,44,0,44,0.82437,-0.00852
100,45,80,Ship,1,0,80,26,6,0.0,0.8292,-0.000621,0,80,26,6,G,0.0,0.4949,-0.000283,0,45,0,45,0.82437,-0.00852
100,45,78,Horse,1,0,78,6,26,1.0,0.8599,-0.000854,0,78,6,26,G,1.0,0.5087,-0.000438,0,46,0,46,0.82437,-0.00852
100,45,11,Automobile,1,0,11,25,26,1.0,0.8997,-0.002742,0,11,25,26,G,1.0,0.5271,-0.001316,0,47,0,47,0.82437,-0.00852
100,45,34,Cat,1,0,34,1,3,1.0,0.8845,-0.001733,0,34,1,3,G,1.0,0.5179,-0.000905,0,48,0,48,0.82437,-0.00852
100,45,32,Cat,1,0,32,10,13,0.0,0.8889,-0.001297,0,32,10,13,G,0.0,0.5202,-0.000682,0,49,0,49,0.82437,-0.00852
100,46,33,Cat,1,0,33,2,0,0.0,0.9999,-0.000149,0,33,24,0,G,0.0,0.587,-4.3e-05,0,0,0,0,0.84381,-0.0093
100,46,57,Dog,1,0,57,18,20,1.0,0.9651,-5.3e-05,0,57,18,20,G,1.0,0.5686,-2.3e-05,0,1,0,1,0.84381,-0.0093
100,46,78,Horse,1,0,78,19,15,0.0,0.9045,-0.001373,0,78,19,15,G,0.0,0.5248,-0.000664,0,2,0,2,0.84381,-0.0093
100,46,82,Ship,1,0,82,29,13,1.0,0.9079,-0.001563,0,82,29,13,G,1.0,0.5479,-0.000834,0,3,0,3,0.84381,-0.0093
100,46,71,Horse,1,0,71,28,16,1.0,0.9728,-0.000161,0,71,3,13,G,1.0,0.5824,4e-06,0,4,0,4,0.84381,-0.0093
100,46,34,Cat,1,0,34,23,24,0.0,0.8506,-5.8e-05,0,34,23,24,G,0.0,0.4995,-2.3e-05,0,5,0,5,0.84381,-0.0093
100,46,2,Airplane,1,0,2,21,20,0.0,0.9709,-9e-06,0,2,21,20,G,0.0,0.587,-3e-06,0,6,0,6,0.84381,-0.0093
100,46,63,Frog,1,0,63,0,31,0.0,0.847,-0.003184,0,63,0,31,G,0.0,0.4972,-0.001698,0,7,0,7,0.84381,-0.0093
100,46,52,Dog,1,0,52,3,12,0.0,0.9266,-0.000536,0,52,3,12,G,0.0,0.5318,-0.000224,0,8,0,8,0.84381,-0.0093
100,46,21,Bird,1,0,21,15,13,1.0,0.9396,-0.004781,0,21,15,13,G,1.0,0.5502,-0.002353,0,9,0,9,0.84381,-0.0093
100,46,76,Horse,1,0,76,3,9,1.0,0.915,-1e-05,0,76,9,27,G,0.0,0.5824,-5e-06,0,10,0,10,0.84381,-0.0093
100,46,77,Horse,1,0,77,4,2,0.0,0.8311,-0.000574,0,77,4,2,G,0.0,0.4788,-0.000265,0,11,0,11,0.84381,-0.0093
100,46,85,Ship,1,0,85,19,13,1.0,0.9455,-0.006664,0,85,19,13,G,1.0,0.5617,-0.003112,0,12,0,12,0.84381,-0.0093
100,46,14,Automobile,1,0,14,21,29,1.0,0.8792,-0.000275,0,14,20,2,G,1.0,0.5824,-0.000146,0,13,0,13,0.84381,-0.0093
100,46,41,Deer,1,0,41,21,17,1.0,0.8567,-5.7e-05,0,41,21,17,G,1.0,0.5133,-1.7e-05,0,14,0,14,0.84381,-0.0093
100,46,91,Truck,1,0,91,28,9,1.0,0.9904,-7e-05,0,91,28,9,G,1.0,0.5801,-2.4e-05,0,15,0,15,0.84381,-0.0093
100,46,1,Airplane,1,0,1,20,13,0.0,0.953,-0.002448,0,1,20,13,G,0.0,0.5594,-0.001076,0,16,0,16,0.84381,-0.0093
100,46,66,Frog,1,0,66,27,29,0.0,0.9955,-0.000173,0,66,25,29,G,0.0,0.587,-6.1e-05,0,17,0,17,0.84381,-0.0093
100,46,53,Dog,1,0,53,16,20,1.0,0.9198,-0.000155,0,53,11,30,G,1.0,0.5225,-2.1e-05,0,18,0,18,0.84381,-0.0093
100,46,12,Automobile,1,0,12,29,4,1.0,0.9495,-0.000605,0,12,29,4,G,1.0,0.5548,-0.000251,0,19,0,19,0.84381,-0.0093
100,46,96,Truck,1,0,96,9,30,1.0,0.8919,-0.000278,0,96,9,30,G,1.0,0.5133,-0.000124,0,20,0,20,0.84381,-0.0093
100,46,39,Cat,1,0,39,3,5,0.0,0.8066,-0.00026,0,39,3,5,G,0.0,0.4719,-0.000108,0,21,0,21,0.84381,-0.0093
100,46,32,Cat,1,0,32,26,3,0.0,0.9748,-0.001064,0,32,26,3,G,0.0,0.5732,-0.000514,0,22,0,22,0.84381,-0.0093
100,46,31,Cat,1,0,31,19,12,0.0,0.9995,-3e-05,0,31,19,12,G,0.0,0.587,-1.1e-05,0,23,0,23,0.84381,-0.0093
100,46,19,Automobile,1,0,19,13,0,0.0,0.8476,-0.002603,0,19,13,0,G,0.0,0.5018,-0.001234,0,24,0,24,0.84381,-0.0093
100,46,22,Bird,1,0,22,22,16,1.0,0.8728,-0.002967,0,22,22,16,G,1.0,0.5179,-0.001489,0,25,0,25,0.84381,-0.0093
100,46,29,Bird,1,0,29,30,27,0.0,0.8142,-0.002587,0,29,30,27,G,0.0,0.4765,-0.001127,0,26,0,26,0.84381,-0.0093
100,46,74,Horse,1,0,74,1,17,1.0,0.8987,-3.7e-05,0,74,1,17,G,1.0,0.5295,-1e-05,0,27,0,27,0.84381,-0.0093
100,46,18,Automobile,1,0,18,21,3,1.0,0.9024,-0.000903,0,18,21,2,G,1.0,0.5202,-0.000451,0,28,0,28,0.84381,-0.0093
100,46,6,Airplane,1,0,6,22,12,1.0,0.8641,-0.003467,0,6,22,12,G,1.0,0.5041,-0.001635,0,29,0,29,0.84381,-0.0093
100,46,38,Cat,1,0,38,16,25,1.0,0.8767,-0.000288,0,38,3,17,G,1.0,0.4443,-0.000133,0,30,0,30,0.84381,-0.0093
100,46,27,Bird,1,0,27,21,14,0.0,0.9958,-0.000179,0,27,22,15,G,0.0,0.587,-8.4e-05,0,31,0,31,0.84381,-0.0093
100,46,7,Airplane,1,0,7,9,7,1.0,0.7658,-0.003085,0,7,9,7,G,1.0,0.4949,-0.001805,0,32,0,32,0.84381,-0.0093
100,46,58,Dog,1,0,58,7,28,1.0,0.847,-0.000467,0,58,7,28,G,1.0,0.5156,-0.000242,0,33,0,33,0.84381,-0.0093
100,46,17,Automobile,1,0,17,27,19,1.0,0.9953,-5.6e-05,0,17,27,19,G,1.0,0.587,-2.2e-05,0,34,0,34,0.84381,-0.0093
100,46,25,Bird,1,0,25,14,19,0.0,0.8517,-0.001376,0,25,14,19,G,0.0,0.511,-0.000754,0,35,0,35,0.84381,-0.0093
100,46,46,Deer,1,0,46,20,21,0.0,0.8864,-0.000111,0,46,20,20,G,0.0,0.5087,-3.7e-05,0,36,0,36,0.84381,-0.0093
100,46,43,Deer,1,0,43,26,16,1.0,0.9682,-0.003398,0,43,26,16,G,1.0,0.5686,-0.001538,0,37,0,37,0.84381,-0.0093
100,46,9,Airplane,1,0,9,20,17,0.0,0.9384,-0.0032,0,9,20,17,G,0.0,0.5502,-0.001463,0,38,0,38,0.84381,-0.0093
100,46,90,Truck,1,0,90,2,15,0.0,0.955,-0.000362,0,90,2,15,G,0.0,0.5686,-0.000172,0,39,0,39,0.84381,-0.0093
100,46,20,Bird,1,0,20,3,11,1.0,0.9204,-3e-05,0,20,3,11,G,1.0,0.5387,-9e-06,0,40,0,40,0.84381,-0.0093
100,46,37,Cat,1,0,37,16,18,1.0,0.9358,-0.001054,0,37,16,17,G,1.0,0.5525,-0.000548,0,41,0,41,0.84381,-0.0093
100,46,72,Horse,1,0,72,14,9,1.0,0.8181,-0.000198,0,72,14,9,G,1.0,0.4949,-0.000101,0,42,0,42,0.84381,-0.0093
100,46,99,Truck,1,0,99,4,28,1.0,0.853,-0.000124,0,99,29,3,G,0.0,0.587,-3.1e-05,0,43,0,43,0.84381,-0.0093
100,46,86,Ship,1,0,86,26,27,0.0,0.9936,-0.0016,0,86,26,27,G,0.0,0.5847,-0.00079,0,44,0,44,0.84381,-0.0093
100,46,30,Cat,1,0,30,23,11,1.0,0.9659,-0.000472,0,30,23,11,G,1.0,0.5824,-0.00022,0,45,0,45,0.84381,-0.0093
100,46,3,Airplane,1,0,3,20,26,0.0,0.9194,-8.7e-05,0,3,20,18,G,0.0,0.5502,-2.9e-05,0,46,0,46,0.84381,-0.0093
100,46,42,Deer,1,0,42,24,17,1.0,0.7853,-0.006226,0,42,24,17,G,1.0,0.4581,-0.002637,0,47,0,47,0.84381,-0.0093
100,46,87,Ship,1,0,87,17,19,0.0,0.9999,-0.002897,0,87,17,19,G,0.0,0.587,-0.001359,0,48,0,48,0.84381,-0.0093
100,46,68,Frog,1,0,68,16,12,1.0,0.8975,-0.005565,0,68,16,12,G,1.0,0.5248,-0.002302,0,49,0,49,0.84381,-0.0093
500,42,153,Cat,1,0,153,28,27,1.0,0.8657,-0.002416,0,153,28,27,G,1.0,0.5133,-0.0011,0,0,0,0,0.83882,-0.00144
500,42,239,Deer,0,1,399,19,30,0.0,0.7586,-0.007778,1,399,19,30,G,0.0,0.4443,-0.004002,0,1,0,1,0.83882,-0.00144
500,42,268,Dog,1,0,268,21,28,1.0,0.7298,-0.003148,0,268,21,28,G,1.0,0.4305,-0.001448,0,2,0,2,0.83882,-0.00144
500,42,298,Dog,1,0,298,21,18,1.0,0.9167,-0.002872,0,298,21,18,G,1.0,0.5479,-0.001342,0,3,0,3,0.83882,-0.00144
500,42,157,Cat,1,0,157,9,18,0.0,0.8088,-0.005621,0,157,9,18,G,0.0,0.4857,-0.002801,0,4,0,4,0.83882,-0.00144
500,42,488,Truck,1,0,488,11,22,0.0,0.8025,-0.001584,0,488,11,22,G,0.0,0.5087,-0.000788,0,5,0,5,0.83882,-0.00144
500,42,383,Horse,1,0,383,8,22,0.0,0.8197,-0.006589,0,383,8,22,G,0.0,0.4788,-0.003088,0,6,0,6,0.83882,-0.00144
500,42,193,Cat,1,0,193,15,0,1.0,0.8814,-0.009413,0,193,15,0,G,1.0,0.5156,-0.00385,0,7,0,7,0.83882,-0.00144
500,42,473,Truck,1,0,473,7,0,1.0,0.9132,-0.004821,0,473,7,0,G,1.0,0.5387,-0.002496,0,8,0,8,0.83882,-0.00144
500,42,59,Automobile,1,0,59,1,5,0.0,0.9821,-0.006633,0,59,1,5,G,0.0,0.5778,-0.003218,0,9,0,9,0.83882,-0.00144
500,42,194,Cat,1,0,194,27,22,1.0,0.9871,-0.001365,0,194,27,22,G,1.0,0.5801,-0.000624,0,10,0,10,0.83882,-0.00144
500,42,354,Horse,1,0,354,3,0,1.0,0.9704,-0.003125,0,354,2,27,G,1.0,0.5387,-0.001586,0,11,0,11,0.83882,-0.00144
500,42,458,Truck,0,1,238,13,17,1.0,0.9483,-0.004362,1,238,13,17,G,1.0,0.5594,-0.002075,0,12,0,12,0.83882,-0.00144
500,42,141,Bird,1,0,141,0,31,0.0,0.9741,-0.004901,0,141,0,31,G,0.0,0.5847,-0.002573,0,13,0,13,0.83882,-0.00144
500,42,278,Dog,1,0,278,8,25,0.0,0.984,-0.002921,0,278,8,25,G,0.0,0.587,-0.001293,0,14,0,14,0.83882,-0.00144
500,42,33,Airplane,0,1,149,17,19,0.0,0.8929,-0.001891,1,149,17,19,G,0.0,0.5318,-0.000999,0,15,0,15,0.83882,-0.00144
500,42,182,Cat,0,1,238,10,25,0.0,0.6572,-0.00228,1,238,10,25,G,0.0,0.3568,-0.001087,0,16,0,16,0.83882,-0.00144
500,42,244,Deer,1,0,244,24,18,1.0,0.7875,-0.007127,0,244,24,18,G,1.0,0.4696,-0.003308,0,17,0,17,0.83882,-0.00144
500,42,439,Ship,1,0,439,19,9,1.0,0.9637,-0.000775,0,439,19,9,G,1.0,0.564,-0.000348,0,18,0,18,0.83882,-0.00144
500,42,50,Automobile,1,0,50,2,19,1.0,0.9991,-0.000806,0,50,2,19,G,1.0,0.587,-0.000382,0,19,0,19,0.83882,-0.00144
500,42,152,Cat,1,0,152,10,16,0.0,0.9301,-0.001911,0,152,9,16,G,0.0,0.5248,-0.000929,0,20,0,20,0.83882,-0.00144
500,42,280,Dog,0,1,200,17,19,1.0,0.8483,-0.001635,1,200,17,19,G,1.0,0.5041,-0.000905,0,21,0,21,0.83882,-0.00144
500,42,198,Cat,1,0,198,28,23,1.0,0.9241,-0.000863,0,198,28,23,G,1.0,0.5479,-0.000388,0,22,0,22,0.83882,-0.00144
500,42,493,Truck,1,0,493,3,15,1.0,0.9774,-0.004896,0,493,3,15,G,1.0,0.5755,-0.002358,0,23,0,23,0.83882,-0.00144
500,42,192,Cat,0,1,339,23,0,0.0,0.9278,-0.003882,1,339,25,0,G,0.0,0.5271,-0.001966,0,24,0,24,0.83882,-0.00144
500,42,42,Airplane,0,1,149,17,3,1.0,0.8903,-0.00044,1,149,17,3,G,1.0,0.541,-0.000258,0,25,0,25,0.83882,-0.00144
500,42,358,Horse,1,0,358,11,16,1.0,0.8368,-0.001429,0,358,11,16,G,1.0,0.4903,-0.000464,0,26,0,26,0.83882,-0.00144
500,42,466,Truck,1,0,466,10,5,1.0,0.9801,-0.002809,0,466,4,10,G,1.0,0.5179,-0.001455,0,27,0,27,0.83882,-0.00144
500,42,70,Automobile,1,0,70,22,3,1.0,0.9646,-0.00119,0,70,22,3,G,1.0,0.5732,-0.000614,0,28,0,28,0.83882,-0.00144
500,42,376,Horse,0,1,399,30,17,0.0,0.9713,-0.003275,1,399,30,17,G,0.0,0.5686,-0.001725,0,29,0,29,0.83882,-0.00144
500,42,176,Cat,1,0,176,18,28,1.0,0.9086,-0.006467,0,176,18,28,G,1.0,0.5341,-0.002986,0,30,0,30,0.83882,-0.00144
500,42,307,Frog,1,0,307,22,17,0.0,0.9147,-0.001279,0,307,22,17,G,0.0,0.541,-0.000707,0,31,0,31,0.83882,-0.00144
500,42,405,Ship,1,0,405,16,5,1.0,0.9724,-0.005097,0,405,16,5,G,1.0,0.5709,-0.002431,0,32,0,32,0.83882,-0.00144
500,42,175,Cat,1,0,175,13,1,1.0,0.8953,-0.006431,0,175,13,1,G,1.0,0.5179,-0.003112,0,33,0,33,0.83882,-0.00144
500,42,357,Horse,1,0,357,14,22,0.0,0.9591,-0.005063,0,357,14,22,G,0.0,0.5732,-0.002645,0,34,0,34,0.83882,-0.00144
500,42,207,Deer,1,0,207,16,14,0.0,0.9733,-0.022143,0,207,16,14,G,0.0,0.5663,-0.008913,0,35,0,35,0.83882,-0.00144
500,42,310,Frog,1,0,310,27,14,0.0,0.8364,-0.008396,0,310,9,5,G,0.0,0.4397,-0.002696,0,36,0,36,0.83882,-0.00144
500,42,328,Frog,1,0,328,22,27,1.0,0.8818,-0.000405,0,328,22,27,G,1.0,0.5271,-0.000166,0,37,0,37,0.83882,-0.00144
500,42,84,Automobile,1,0,84,29,28,0.0,0.996,-0.002672,0,84,29,28,G,0.0,0.5847,-0.001276,0,38,0,38,0.83882,-0.00144
500,42,259,Dog,1,0,259,5,9,0.0,0.8657,-0.006146,0,259,5,8,G,0.0,0.5087,-0.003081,0,39,0,39,0.83882,-0.00144
500,42,355,Horse,1,0,355,17,15,1.0,0.9849,-0.005446,0,355,17,15,G,1.0,0.5824,-0.002314,0,40,0,40,0.83882,-0.00144
500,42,203,Deer,1,0,203,17,19,0.0,0.8912,-0.008623,0,203,17,19,G,0.0,0.5064,-0.003559,0,41,0,41,0.83882,-0.00144
500,42,144,Bird,1,0,144,19,7,0.0,0.8982,-0.00378,0,144,19,7,G,0.0,0.5271,-0.001337,0,42,0,42,0.83882,-0.00144
500,42,109,Bird,0,1,162,7,11,0.0,0.753,-0.008633,1,162,7,11,G,0.0,0.4512,-0.004408,0,43,0,43,0.83882,-0.00144
500,42,123,Bird,1,0,123,8,15,1.0,0.9377,-0.004145,0,123,8,15,G,1.0,0.5502,-0.00162,0,44,0,44,0.83882,-0.00144
500,42,333,Frog,1,0,333,31,22,0.0,0.7729,-0.002966,0,333,31,22,G,0.0,0.4558,-0.001452,0,45,0,45,0.83882,-0.00144
500,42,200,Deer,0,1,149,21,13,0.0,0.9781,-0.000246,1,149,21,13,G,0.0,0.5755,-0.000134,0,46,0,46,0.83882,-0.00144
500,42,250,Dog,1,0,250,27,20,1.0,0.9826,-0.001018,0,250,27,20,G,1.0,0.5755,-0.000438,0,47,0,47,0.83882,-0.00144
500,42,61,Automobile,1,0,61,10,0,1.0,0.9818,-0.007076,0,61,10,0,G,1.0,0.5778,-0.00329,0,48,0,48,0.83882,-0.00144
500,42,367,Horse,1,0,367,4,23,0.0,0.9758,-0.002333,0,367,4,23,G,0.0,0.5732,-0.001111,0,49,0,49,0.83882,-0.00144
500,43,386,Horse,1,0,386,1,17,1.0,0.9062,-0.000596,0,386,1,17,G,1.0,0.5525,-0.000278,0,0,0,0,0.83438,-0.00126
500,43,282,Dog,0,1,17,5,17,1.0,0.8591,-0.002059,1,17,5,17,G,1.0,0.5387,-0.001191,0,1,0,1,0.83438,-0.00126
500,43,492,Truck,1,0,492,16,4,0.0,0.9475,-0.001439,0,492,16,4,G,0.0,0.5663,-0.000658,0,2,0,2,0.83438,-0.00126
500,43,405,Ship,0,1,169,16,10,1.0,0.8997,-0.00508,1,169,16,10,G,1.0,0.5225,-0.002604,0,3,0,3,0.83438,-0.00126
500,43,180,Cat,1,0,180,5,31,0.0,0.8259,-0.00664,0,180,5,31,G,0.0,0.4926,-0.003138,0,4,0,4,0.83438,-0.00126
500,43,98,Automobile,1,0,98,9,4,0.0,0.8294,-0.003872,0,98,9,4,G,0.0,0.4788,-0.001918,0,5,0,5,0.83438,-0.00126
500,43,279,Dog,1,0,279,1,0,1.0,0.9078,-0.002503,0,279,1,0,G,1.0,0.5318,-0.001207,0,6,0,6,0.83438,-0.00126
500,43,43,Airplane,1,0,43,19,19,1.0,0.9349,-0.003778,0,43,19,19,G,1.0,0.5502,-0.001309,0,7,0,7,0.83438,-0.00126
500,43,283,Dog,0,1,142,20,15,0.0,0.8892,-0.002548,1,142,20,15,G,0.0,0.5225,-0.001363,0,8,0,8,0.83438,-0.00126
500,43,21,Airplane,1,0,21,31,9,1.0,0.9416,-0.004976,0,21,31,9,G,1.0,0.5502,-0.002535,0,9,0,9,0.83438,-0.00126
500,43,403,Ship,1,0,403,21,2,1.0,0.8369,-0.002135,0,403,21,2,G,1.0,0.488,-0.001037,0,10,0,10,0.83438,-0.00126
500,43,235,Deer,1,0,235,13,31,1.0,0.9211,-0.006833,0,235,13,31,G,1.0,0.5433,-0.003364,0,11,0,11,0.83438,-0.00126
500,43,354,Horse,1,0,354,0,14,1.0,0.9071,-0.003913,0,354,0,14,G,1.0,0.5617,-0.002159,0,12,0,12,0.83438,-0.00126
500,43,363,Horse,1,0,363,4,14,0.0,0.9056,-0.008049,0,363,4,14,G,0.0,0.5271,-0.004037,0,13,0,13,0.83438,-0.00126
500,43,360,Horse,1,0,360,2,8,0.0,0.968,-0.001393,0,360,1,5,G,0.0,0.5755,-0.000653,0,14,0,14,0.83438,-0.00126
500,43,82,Automobile,1,0,82,15,22,0.0,0.9999,-0.002788,0,82,15,22,G,0.0,0.587,-0.001306,0,15,0,15,0.83438,-0.00126
500,43,240,Deer,1,0,240,12,13,0.0,0.7656,-0.005951,0,240,11,13,G,0.0,0.4397,-0.002747,0,16,0,16,0.83438,-0.00126
500,43,482,Truck,1,0,482,0,27,0.0,0.93,-0.000381,0,482,0,27,G,0.0,0.5686,-0.000181,0,17,0,17,0.83438,-0.00126
500,43,499,Truck,1,0,499,7,13,0.0,0.9426,-0.001776,0,499,7,13,G,0.0,0.5571,-0.000741,0,18,0,18,0.83438,-0.00126
500,43,481,Truck,1,0,481,0,29,0.0,0.9999,-0.000461,0,481,0,29,G,0.0,0.587,-0.000189,0,19,0,19,0.83438,-0.00126
500,43,349,Frog,0,1,142,22,13,1.0,0.8621,-0.001849,1,142,22,13,G,1.0,0.5156,-0.000931,0,20,0,20,0.83438,-0.00126
500,43,28,Airplane,1,0,28,15,26,0.0,0.7845,-0.012209,0,28,15,26,G,0.0,0.4627,-0.004528,0,21,0,21,0.83438,-0.00126
500,43,58,Automobile,1,0,58,6,31,1.0,0.9402,-0.001989,0,58,6,31,G,1.0,0.5502,-0.000894,0,22,0,22,0.83438,-0.00126
500,43,418,Ship,1,0,418,17,15,1.0,0.9453,-0.003842,0,418,17,15,G,1.0,0.5502,-0.001752,0,23,0,23,0.83438,-0.00126
500,43,412,Ship,1,0,412,13,27,0.0,0.9681,-0.007689,0,412,13,27,G,0.0,0.5617,-0.003804,0,24,0,24,0.83438,-0.00126
500,43,355,Horse,1,0,355,14,8,0.0,0.9432,-0.006385,0,355,14,8,G,0.0,0.5525,-0.002954,0,25,0,25,0.83438,-0.00126
500,43,494,Truck,1,0,494,25,18,0.0,0.9311,-0.001522,0,494,3,14,G,1.0,0.5341,-0.000702,0,26,0,26,0.83438,-0.00126
500,43,241,Deer,1,0,241,12,0,0.0,0.9981,-0.003899,0,241,12,0,G,0.0,0.587,-0.00167,0,27,0,27,0.83438,-0.00126
500,43,74,Automobile,1,0,74,11,28,1.0,0.8324,-0.003085,0,74,11,28,G,1.0,0.5018,-0.00163,0,28,0,28,0.83438,-0.00126
500,43,201,Deer,1,0,201,12,16,1.0,0.8844,-0.001056,0,201,12,16,G,1.0,0.5295,-0.00044,0,29,0,29,0.83438,-0.00126
500,43,420,Ship,1,0,420,3,24,1.0,0.931,-0.003476,0,420,3,24,G,1.0,0.5502,-0.001625,0,30,0,30,0.83438,-0.00126
500,43,176,Cat,1,0,176,4,7,1.0,0.9829,-0.003888,0,176,4,7,G,1.0,0.587,-0.001869,0,31,0,31,0.83438,-0.00126
500,43,422,Ship,1,0,422,15,19,1.0,0.8374,-0.002291,0,422,15,18,G,1.0,0.4903,-0.001066,0,32,0,32,0.83438,-0.00126
500,43,197,Cat,0,1,164,26,14,1.0,0.7684,-0.002045,1,164,26,14,G,1.0,0.5663,-0.001415,0,33,0,33,0.83438,-0.00126
500,43,54,Automobile,1,0,54,4,27,1.0,0.8583,-0.001884,0,54,0,6,G,1.0,0.4627,-0.000848,0,34,0,34,0.83438,-0.00126
500,43,462,Truck,1,0,462,4,30,1.0,0.8797,-0.001085,0,462,4,30,G,1.0,0.5133,-0.000472,0,35,0,35,0.83438,-0.00126
500,43,333,Frog,1,0,333,0,24,1.0,0.9458,-0.002787,0,333,0,24,G,1.0,0.5594,-0.00119,0,36,0,36,0.83438,-0.00126
500,43,460,Truck,1,0,460,15,9,1.0,0.9344,-0.003404,0,460,4,30,G,1.0,0.4443,-0.001589,0,37,0,37,0.83438,-0.00126
500,43,112,Bird,1,0,112,11,15,1.0,0.9207,-0.004835,0,112,30,17,G,1.0,0.4788,-0.002311,0,38,0,38,0.83438,-0.00126
500,43,70,Automobile,1,0,70,10,19,1.0,0.7917,-0.00313,0,70,9,19,G,1.0,0.4466,-0.001539,0,39,0,39,0.83438,-0.00126
500,43,189,Cat,0,1,142,6,8,0.0,0.814,-0.003113,1,142,6,8,G,0.0,0.465,-0.001632,0,40,0,40,0.83438,-0.00126
500,43,134,Bird,1,0,134,30,0,0.0,0.8866,-0.003439,0,134,30,0,G,0.0,0.5225,-0.001442,0,41,0,41,0.83438,-0.00126
500,43,210,Deer,0,1,267,29,18,0.0,0.9399,-0.003911,1,267,29,18,G,0.0,0.5479,-0.001952,0,42,0,42,0.83438,-0.00126
500,43,115,Bird,1,0,115,10,0,0.0,0.7392,-0.000453,0,115,10,0,G,0.0,0.4489,-0.00022,0,43,0,43,0.83438,-0.00126
500,43,234,Deer,0,1,169,7,17,1.0,0.7451,-0.00496,1,169,7,17,G,1.0,0.4466,-0.002586,0,44,0,44,0.83438,-0.00126
500,43,220,Deer,0,1,200,19,17,1.0,0.9255,-0.00141,1,200,20,20,G,1.0,0.5225,-0.000732,0,45,0,45,0.83438,-0.00126
500,43,75,Automobile,0,1,142,23,13,1.0,1.0,-0.001286,1,142,23,13,G,1.0,0.587,-0.000665,0,46,0,46,0.83438,-0.00126
500,43,85,Automobile,0,1,169,20,28,1.0,0.9686,-0.001976,1,169,20,28,G,1.0,0.5686,-0.001058,0,47,0,47,0.83438,-0.00126
500,43,164,Cat,1,0,164,15,17,0.0,0.9865,-0.000317,0,164,15,17,G,0.0,0.5824,-0.000177,0,48,0,48,0.83438,-0.00126
500,43,260,Dog,0,1,142,9,10,1.0,0.9763,-0.000559,1,142,9,10,G,1.0,0.5686,-0.000286,0,49,0,49,0.83438,-0.00126
500,44,177,Cat,1,0,177,0,4,1.0,0.7387,-0.002028,0,177,0,4,G,1.0,0.442,-0.001029,0,0,0,0,0.8308,-0.0018
500,44,320,Frog,0,1,330,20,14,0.0,0.728,-0.000612,1,330,20,14,G,0.0,0.4374,-0.000344,0,1,0,1,0.8308,-0.0018
500,44,53,Automobile,1,0,53,0,27,0.0,0.928,-0.000966,0,53,0,27,G,0.0,0.5525,-0.000436,0,2,0,2,0.8308,-0.0018
500,44,241,Deer,1,0,241,23,12,0.0,0.9164,-0.002347,0,241,23,12,G,0.0,0.5479,-0.001217,0,3,0,3,0.8308,-0.0018
500,44,103,Bird,1,0,103,3,14,0.0,0.7791,-0.01784,0,103,3,14,G,0.0,0.4512,-0.006653,0,4,0,4,0.8308,-0.0018
500,44,380,Horse,1,0,380,16,10,1.0,0.9409,-0.004025,0,380,16,10,G,1.0,0.5617,-0.001846,0,5,0,5,0.8308,-0.0018
500,44,10,Airplane,1,0,10,12,0,0.0,0.8694,-0.004559,0,10,12,0,G,0.0,0.5133,-0.001967,0,6,0,6,0.8308,-0.0018
500,44,189,Cat,1,0,189,22,8,0.0,0.9886,-0.00522,0,189,22,8,G,0.0,0.5824,-0.002566,0,7,0,7,0.8308,-0.0018
500,44,447,Ship,1,0,447,24,1,0.0,0.9713,-0.003729,0,447,24,1,G,0.0,0.5709,-0.001758,0,8,0,8,0.8308,-0.0018
500,44,421,Ship,1,0,421,4,19,1.0,0.8793,-0.002998,0,421,4,19,G,1.0,0.5271,-0.001559,0,9,0,9,0.8308,-0.0018
500,44,448,Ship,1,0,448,17,17,0.0,0.8245,-0.013872,0,448,17,17,G,0.0,0.4903,-0.005716,0,10,0,10,0.8308,-0.0018
500,44,243,Deer,0,1,432,8,19,0.0,0.7263,-0.001029,1,432,8,18,G,0.0,0.4282,-0.000547,0,11,0,11,0.8308,-0.0018
500,44,399,Horse,1,0,399,4,24,0.0,0.9093,-0.001486,0,399,4,24,G,0.0,0.5271,-0.00065,0,12,0,12,0.8308,-0.0018
500,44,158,Cat,1,0,158,25,0,1.0,1.0,-0.002944,0,158,25,0,G,1.0,0.587,-0.001411,0,13,0,13,0.8308,-0.0018
500,44,75,Automobile,1,0,75,20,30,0.0,0.8086,-0.001994,0,75,20,30,G,0.0,0.4857,-0.000973,0,14,0,14,0.8308,-0.0018
500,44,128,Bird,1,0,128,31,30,1.0,0.9171,-0.00389,0,128,31,30,G,1.0,0.5341,-0.001544,0,15,0,15,0.8308,-0.0018
500,44,326,Frog,1,0,326,21,24,1.0,0.9322,-0.002449,0,326,21,24,G,1.0,0.5502,-0.001045,0,16,0,16,0.8308,-0.0018
500,44,234,Deer,1,0,234,5,1,1.0,0.7742,-0.004532,0,234,5,1,G,1.0,0.465,-0.002362,0,17,0,17,0.8308,-0.0018
500,44,474,Truck,1,0,474,0,12,1.0,0.7713,-0.001103,0,474,0,12,G,1.0,0.442,-0.000522,0,18,0,18,0.8308,-0.0018
500,44,445,Ship,1,0,445,16,29,0.0,0.9381,-0.002833,0,445,23,3,G,0.0,0.5248,-0.001301,0,19,0,19,0.8308,-0.0018
500,44,255,Dog,1,0,255,9,12,0.0,0.9807,-0.009748,0,255,9,12,G,0.0,0.5709,-0.004514,0,20,0,20,0.8308,-0.0018
500,44,300,Frog,1,0,300,20,14,1.0,0.869,-0.006564,0,300,23,31,G,1.0,0.4949,-0.00286,0,21,0,21,0.8308,-0.0018
500,44,330,Frog,1,0,330,18,19,1.0,1.0,-0.00035,0,330,18,19,G,1.0,0.587,-0.000192,0,22,0,22,0.8308,-0.0018
500,44,270,Dog,1,0,270,10,28,1.0,0.9253,-0.003748,0,270,10,28,G,1.0,0.5502,-0.001629,0,23,0,23,0.8308,-0.0018
500,44,397,Horse,1,0,397,7,2,1.0,0.8446,-0.00112,0,397,7,2,G,1.0,0.5202,-0.000551,0,24,0,24,0.8308,-0.0018
500,44,152,Cat,1,0,152,18,28,0.0,0.7539,-0.004113,0,152,6,1,G,0.0,0.3591,-0.001856,0,25,0,25,0.8308,-0.0018
500,44,346,Frog,0,1,330,19,18,0.0,0.7239,-0.001152,1,330,13,1,G,0.0,0.4236,-0.000682,0,26,0,26,0.8308,-0.0018
500,44,322,Frog,1,0,322,31,10,1.0,0.8237,-0.001181,0,322,31,10,G,1.0,0.5225,-0.000623,0,27,0,27,0.8308,-0.0018
500,44,340,Frog,1,0,340,7,31,0.0,0.7926,-0.009264,0,340,7,31,G,0.0,0.4719,-0.004589,0,28,0,28,0.8308,-0.0018
500,44,24,Airplane,1,0,24,15,12,0.0,0.9174,-0.005092,0,24,15,12,G,0.0,0.5364,-0.002246,0,29,0,29,0.8308,-0.0018
500,44,143,Bird,1,0,143,28,17,1.0,0.9539,-0.002347,0,143,28,17,G,1.0,0.5617,-0.001032,0,30,0,30,0.8308,-0.0018
500,44,469,Truck,1,0,469,11,19,0.0,0.8874,-0.003851,0,469,11,21,G,0.0,0.5087,-0.001875,0,31,0,31,0.8308,-0.0018
500,44,477,Truck,1,0,477,18,2,1.0,0.8093,-0.005761,0,477,18,2,G,1.0,0.4926,-0.002951,0,32,0,32,0.8308,-0.0018
500,44,281,Dog,1,0,281,6,30,1.0,0.678,-0.002895,0,281,6,30,G,1.0,0.4005,-0.001418,0,33,0,33,0.8308,-0.0018
500,44,20,Airplane,1,0,20,29,16,0.0,0.9065,-0.007018,0,20,29,16,G,0.0,0.541,-0.003507,0,34,0,34,0.8308,-0.0018
500,44,425,Ship,1,0,425,22,2,1.0,0.9907,-0.001795,0,425,20,30,G,1.0,0.5709,-0.000947,0,35,0,35,0.8308,-0.0018
500,44,185,Cat,0,1,388,4,17,0.0,0.8609,-0.003534,1,388,4,17,G,0.0,0.4995,-0.001835,0,36,0,36,0.8308,-0.0018
500,44,488,Truck,1,0,488,24,5,1.0,0.8973,-0.005964,0,488,24,5,G,1.0,0.5364,-0.002626,0,37,0,37,0.8308,-0.0018
500,44,188,Cat,1,0,188,29,22,1.0,0.9513,-0.00564,0,188,29,22,G,1.0,0.5594,-0.002781,0,38,0,38,0.8308,-0.0018
500,44,451,Truck,1,0,451,31,0,0.0,0.9729,-0.003762,0,451,31,0,G,0.0,0.5709,-0.001688,0,39,0,39,0.8308,-0.0018
500,44,294,Dog,1,0,294,25,30,0.0,0.8431,-0.002424,0,294,25,30,G,0.0,0.4949,-0.001276,0,40,0,40,0.8308,-0.0018
500,44,430,Ship,1,0,430,24,19,1.0,0.8814,-0.002205,0,430,23,19,G,1.0,0.5018,-0.000952,0,41,0,41,0.8308,-0.0018
500,44,57,Automobile,1,0,57,17,28,0.0,0.9707,-0.00882,0,57,17,28,G,0.0,0.5801,-0.004286,0,42,0,42,0.8308,-0.0018
500,44,173,Cat,1,0,173,22,8,0.0,0.7406,-0.005136,0,173,22,8,G,0.0,0.4282,-0.002374,0,43,0,43,0.8308,-0.0018
500,44,83,Automobile,1,0,83,19,31,1.0,0.9313,-0.002767,0,83,19,31,G,1.0,0.5387,-0.001272,0,44,0,44,0.8308,-0.0018
500,44,334,Frog,0,1,330,23,18,1.0,0.9837,-0.001455,1,330,23,18,G,1.0,0.5801,-0.000752,0,45,0,45,0.8308,-0.0018
500,44,118,Bird,0,1,432,19,24,0.0,0.7887,-0.016835,1,432,19,24,G,0.0,0.4489,-0.007555,0,46,0,46,0.8308,-0.0018
500,44,65,Automobile,1,0,65,24,27,0.0,0.857,-0.007739,0,65,24,27,G,0.0,0.4949,-0.003542,0,47,0,47,0.8308,-0.0018
500,44,273,Dog,1,0,273,15,26,1.0,0.9094,-0.002259,0,273,0,31,G,0.0,0.4512,-0.000781,0,48,0,48,0.8308,-0.0018
500,44,423,Ship,1,0,423,20,5,1.0,0.7678,-0.001213,0,423,20,5,G,1.0,0.4397,-0.000631,0,49,0,49,0.8308,-0.0018
500,45,137,Bird,1,1,335,15,15,1.0,0.9099,-0.015801,1,335,15,16,G,1.0,0.5295,-0.006858,0,0,0,0,0.83305,-0.00115
500,45,158,Cat,1,0,158,3,24,0.0,0.9925,-0.000894,0,158,3,24,G,0.0,0.5824,-0.000396,0,1,0,1,0.83305,-0.00115
500,45,488,Truck,1,0,488,9,30,1.0,0.7497,-0.002823,0,488,9,30,G,1.0,0.4144,-0.001375,0,2,0,2,0.83305,-0.00115
500,45,39,Airplane,1,0,39,18,30,1.0,0.8919,-0.001655,0,39,18,30,G,1.0,0.5387,-0.00092,0,3,0,3,0.83305,-0.00115
500,45,154,Cat,0,1,250,1,3,1.0,0.8845,-0.003857,1,250,1,3,G,1.0,0.5179,-0.00202,0,4,0,4,0.83305,-0.00115
500,45,478,Truck,1,0,478,27,19,1.0,0.8008,-0.006441,0,478,24,8,G,1.0,0.4719,-0.003147,0,5,0,5,0.83305,-0.00115
500,45,421,Ship,1,0,421,11,8,1.0,0.8513,-0.005156,0,421,11,8,G,1.0,0.4995,-0.002438,0,6,0,6,0.83305,-0.00115
500,45,56,Automobile,1,0,56,7,15,0.0,0.9814,-0.008187,0,56,7,15,G,0.0,0.5732,-0.003661,0,7,0,7,0.83305,-0.00115
500,45,16,Airplane,0,1,39,17,0,1.0,0.944,-0.010477,1,39,17,0,G,1.0,0.5548,-0.005023,0,8,0,8,0.83305,-0.00115
500,45,168,Cat,1,1,250,9,14,1.0,0.9603,-0.002148,0,168,9,14,G,1.0,0.5686,-0.001165,0,9,0,9,0.83305,-0.00115
500,45,424,Ship,1,1,306,18,25,0.0,0.9152,-0.005743,0,424,18,25,G,0.0,0.5341,-0.002872,0,10,0,10,0.83305,-0.00115
500,45,264,Dog,1,0,264,7,0,0.0,0.6825,-0.005473,0,264,7,0,G,0.0,0.4282,-0.00296,0,11,0,11,0.83305,-0.00115
500,45,302,Frog,1,0,302,2,28,0.0,0.8242,-0.009284,0,302,2,29,G,0.0,0.5018,-0.004145,0,12,0,12,0.83305,-0.00115
500,45,129,Bird,0,1,250,7,23,1.0,0.8859,-0.008843,1,250,7,23,G,1.0,0.5271,-0.004557,0,13,0,13,0.83305,-0.00115
500,45,315,Frog,1,0,315,2,0,0.0,0.7412,-0.005552,0,315,2,0,G,0.0,0.4351,-0.002677,0,14,0,14,0.83305,-0.00115
500,45,7,Airplane,1,0,7,15,0,1.0,0.9147,-0.00356,0,7,15,0,G,1.0,0.5341,-0.001787,0,15,0,15,0.83305,-0.00115
500,45,91,Automobile,0,1,84,7,3,0.0,0.9648,-0.007391,1,84,7,3,G,0.0,0.5732,-0.003893,0,16,0,16,0.83305,-0.00115
500,45,205,Deer,1,0,205,21,17,1.0,0.8498,-0.008105,0,205,21,4,G,0.0,0.4466,-0.003851,0,17,0,17,0.83305,-0.00115
500,45,408,Ship,1,0,408,30,24,0.0,0.9341,-0.001723,0,408,30,24,G,0.0,0.5709,-0.000871,0,18,0,18,0.83305,-0.00115
500,45,85,Automobile,1,0,85,1,17,1.0,0.8413,-0.000287,0,85,1,17,G,1.0,0.4995,-0.000137,0,19,0,19,0.83305,-0.00115
500,45,37,Airplane,0,1,250,3,20,1.0,0.8409,-0.002429,1,250,3,20,G,1.0,0.5018,-0.001339,0,20,0,20,0.83305,-0.00115
500,45,122,Bird,0,1,250,4,4,1.0,0.8999,-0.000812,1,250,4,4,G,1.0,0.5225,-0.000443,0,21,0,21,0.83305,-0.00115
500,45,427,Ship,1,0,427,18,4,1.0,0.9876,-0.002377,0,427,18,4,G,1.0,0.5778,-0.001109,0,22,0,22,0.83305,-0.00115
500,45,221,Deer,1,0,221,7,11,1.0,0.8712,-0.020564,0,221,8,16,G,0.0,0.419,-0.007794,0,23,0,23,0.83305,-0.00115
500,45,464,Truck,1,0,464,20,18,1.0,0.9433,-0.007159,0,464,20,18,G,1.0,0.5525,-0.003211,0,24,0,24,0.83305,-0.00115
500,45,431,Ship,1,0,431,23,24,1.0,0.9772,-0.004302,0,431,23,24,G,1.0,0.5709,-0.001806,0,25,0,25,0.83305,-0.00115
500,45,127,Bird,1,0,127,29,30,1.0,0.9419,-0.004811,0,127,3,19,G,1.0,0.4995,-0.002394,0,26,0,26,0.83305,-0.00115
500,45,155,Cat,1,0,155,18,5,0.0,0.9182,-0.004586,0,155,18,5,G,0.0,0.541,-0.002213,0,27,0,27,0.83305,-0.00115
500,45,26,Airplane,1,0,26,7,0,0.0,0.9259,-0.00392,0,26,7,0,G,0.0,0.5548,-0.00177,0,28,0,28,0.83305,-0.00115
500,45,108,Bird,0,1,304,24,19,1.0,1.0,-0.000716,1,304,16,22,G,0.0,0.5133,-0.00038,0,29,0,29,0.83305,-0.00115
500,45,4,Airplane,1,0,4,3,30,1.0,0.814,-0.003541,0,4,3,30,G,1.0,0.4811,-0.001835,0,30,0,30,0.83305,-0.00115
500,45,419,Ship,0,1,250,15,5,1.0,0.843,-0.001178,1,250,15,5,G,1.0,0.4811,-0.000608,0,31,0,31,0.83305,-0.00115
500,45,36,Airplane,1,0,36,24,8,1.0,0.8432,-0.001686,0,36,24,8,G,1.0,0.4949,-0.000876,0,32,0,32,0.83305,-0.00115
500,45,318,Frog,0,1,304,5,14,0.0,0.7279,-0.000976,1,304,5,14,G,0.0,0.4351,-0.00055,0,33,0,33,0.83305,-0.00115
500,45,118,Bird,1,0,118,5,7,1.0,0.986,-0.000714,0,118,5,7,G,1.0,0.5778,-0.000312,0,34,0,34,0.83305,-0.00115
500,45,119,Bird,1,0,119,31,31,1.0,0.9005,-0.018785,0,119,31,31,G,1.0,0.5202,-0.007775,0,35,0,35,0.83305,-0.00115
500,45,31,Airplane,1,0,31,2,25,0.0,0.7758,-0.004552,0,31,2,25,G,0.0,0.4558,-0.002123,0,36,0,36,0.83305,-0.00115
500,45,364,Horse,1,0,364,9,29,1.0,0.9575,-0.008885,0,364,9,29,G,1.0,0.5594,-0.004112,0,37,0,37,0.83305,-0.00115
500,45,139,Bird,0,1,146,16,9,1.0,0.9353,-0.001092,1,146,16,9,G,1.0,0.5594,-0.000547,0,38,0,38,0.83305,-0.00115
500,45,369,Horse,1,0,369,19,30,1.0,0.8964,-0.003066,0,369,19,30,G,1.0,0.5202,-0.001433,0,39,0,39,0.83305,-0.00115
500,45,17,Airplane,1,0,17,1,8,1.0,0.9122,-0.002887,0,17,1,8,G,1.0,0.5202,-0.001368,0,40,0,40,0.83305,-0.00115
500,45,147,Bird,1,0,147,9,30,1.0,0.9496,-0.002802,0,147,9,30,G,1.0,0.5594,-0.001396,0,41,0,41,0.83305,-0.00115
500,45,459,Truck,1,1,412,22,26,1.0,0.9246,-0.002468,1,412,22,26,G,1.0,0.5571,-0.001329,0,42,0,42,0.83305,-0.00115
500,45,487,Truck,1,0,487,10,3,0.0,0.8233,-0.003064,0,487,10,3,G,0.0,0.4926,-0.001389,0,43,0,43,0.83305,-0.00115
500,45,143,Bird,1,0,143,13,14,1.0,0.9304,-0.003756,0,143,13,14,G,1.0,0.5456,-0.001782,0,44,0,44,0.83305,-0.00115
500,45,83,Automobile,1,0,83,23,6,0.0,0.7325,-0.004189,0,83,7,7,G,1.0,0.4121,-0.001732,0,45,0,45,0.83305,-0.00115
500,45,54,Automobile,1,0,54,28,28,1.0,0.9791,-0.002004,0,54,28,28,G,1.0,0.5778,-0.001079,0,46,0,46,0.83305,-0.00115
500,45,101,Bird,0,1,146,31,22,0.0,0.8673,-0.002234,1,146,31,22,G,0.0,0.5064,-0.001179,0,47,0,47,0.83305,-0.00115
500,45,256,Dog,0,1,304,15,16,1.0,0.9456,-0.003856,1,304,10,30,G,0.0,0.3936,-0.001898,0,48,0,48,0.83305,-0.00115
500,45,333,Frog,0,1,304,13,23,0.0,0.8393,-0.002844,1,304,13,23,G,0.0,0.5064,-0.001544,0,49,0,49,0.83305,-0.00115
500,46,94,Automobile,0,1,166,27,30,0.0,0.7979,-0.002099,1,166,27,30,G,0.0,0.4765,-0.001165,0,0,0,0,0.83671,-0.00158
500,46,321,Frog,1,0,321,7,26,1.0,0.8545,-0.003034,0,321,26,12,G,1.0,0.3959,-0.001335,0,1,0,1,0.83671,-0.00158
500,46,289,Dog,1,0,289,17,8,0.0,0.9755,-0.002209,0,289,26,19,G,1.0,0.4581,-0.001061,0,2,0,2,0.83671,-0.00158
500,46,66,Automobile,1,0,66,11,0,0.0,0.7731,-0.005148,0,66,11,0,G,0.0,0.4535,-0.002541,0,3,0,3,0.83671,-0.00158
500,46,275,Dog,1,0,275,31,0,0.0,0.9877,-0.007184,0,275,31,0,G,0.0,0.5801,-0.003354,0,4,0,4,0.83671,-0.00158
500,46,38,Airplane,1,0,38,15,1,0.0,0.9421,-0.006644,0,38,15,1,G,0.0,0.5525,-0.002814,0,5,0,5,0.83671,-0.00158
500,46,391,Horse,1,0,391,5,17,1.0,0.926,-0.002874,0,391,5,17,G,1.0,0.5548,-0.001383,0,6,0,6,0.83671,-0.00158
500,46,392,Horse,1,0,392,29,0,0.0,0.7969,-0.009838,0,392,5,29,G,0.0,0.4558,-0.004899,0,7,0,7,0.83671,-0.00158
500,46,269,Dog,1,0,269,24,17,0.0,0.8361,-0.013122,0,269,24,17,G,0.0,0.4995,-0.00559,0,8,0,8,0.83671,-0.00158
500,46,174,Cat,1,0,174,9,27,1.0,0.9946,-0.00075,0,174,9,27,G,1.0,0.587,-0.000347,0,9,0,9,0.83671,-0.00158
500,46,343,Frog,0,1,301,2,2,0.0,0.7394,-0.009725,1,301,2,2,G,0.0,0.465,-0.005367,0,10,0,10,0.83671,-0.00158
500,46,350,Horse,1,0,350,4,23,1.0,0.9076,-0.004884,0,350,4,23,G,1.0,0.5433,-0.002487,0,11,0,11,0.83671,-0.00158
500,46,398,Horse,1,0,398,6,24,0.0,0.9999,-0.004689,0,398,6,24,G,0.0,0.587,-0.002255,0,12,0,12,0.83671,-0.00158
500,46,287,Dog,1,0,287,7,2,0.0,0.8774,-0.003336,0,287,7,2,G,0.0,0.5295,-0.001632,0,13,0,13,0.83671,-0.00158
500,46,85,Automobile,1,0,85,11,31,1.0,0.8562,-0.003403,0,85,11,31,G,1.0,0.5617,-0.00186,0,14,0,14,0.83671,-0.00158
500,46,419,Ship,1,0,419,14,20,1.0,0.9034,-0.003085,0,419,14,20,G,1.0,0.5225,-0.001572,0,15,0,15,0.83671,-0.00158
500,46,22,Airplane,1,0,22,16,0,1.0,0.8768,-0.00488,0,22,16,0,G,1.0,0.511,-0.002428,0,16,0,16,0.83671,-0.00158
500,46,482,Truck,1,0,482,6,4,1.0,0.8628,-0.002598,0,482,6,4,G,1.0,0.5479,-0.001335,0,17,0,17,0.83671,-0.00158
500,46,73,Automobile,1,0,73,0,26,0.0,0.931,-0.006575,0,73,0,26,G,0.0,0.541,-0.002798,0,18,0,18,0.83671,-0.00158
500,46,40,Airplane,0,1,19,19,17,1.0,0.8554,-0.003104,1,19,19,17,G,1.0,0.4926,-0.001534,0,19,0,19,0.83671,-0.00158
500,46,299,Dog,1,0,299,6,12,0.0,0.9434,-0.010495,0,299,6,12,G,0.0,0.5502,-0.004756,0,20,0,20,0.83671,-0.00158
500,46,352,Horse,1,0,352,14,9,1.0,0.8181,-0.000889,0,352,14,9,G,1.0,0.4949,-0.000439,0,21,0,21,0.83671,-0.00158
500,46,404,Ship,1,0,404,10,18,1.0,0.8773,-0.008391,0,404,10,18,G,1.0,0.5156,-0.003575,0,22,0,22,0.83671,-0.00158
500,46,377,Horse,1,0,377,1,31,0.0,0.899,-0.00316,0,377,1,31,G,0.0,0.5364,-0.001544,0,23,0,23,0.83671,-0.00158
500,46,319,Frog,1,0,319,7,5,1.0,0.9195,-0.002518,0,319,7,5,G,1.0,0.5295,-0.001252,0,24,0,24,0.83671,-0.00158
500,46,127,Bird,1,0,127,18,18,1.0,0.9876,-0.012579,0,127,18,18,G,1.0,0.5778,-0.005773,0,25,0,25,0.83671,-0.00158
500,46,376,Horse,1,0,376,25,12,1.0,0.9143,-0.001643,0,376,25,10,G,1.0,0.5295,-0.000658,0,26,0,26,0.83671,-0.00158
500,46,396,Horse,1,0,396,2,31,0.0,0.7438,-0.006441,0,396,8,31,G,0.0,0.4719,-0.003377,0,27,0,27,0.83671,-0.00158
500,46,114,Bird,0,1,161,11,18,1.0,0.7552,-0.005434,1,161,11,18,G,1.0,0.4466,-0.002811,0,28,0,28,0.83671,-0.00158
500,46,305,Frog,0,1,166,19,5,0.0,0.8286,-0.001275,1,166,19,5,G,0.0,0.4857,-0.000709,0,29,0,29,0.83671,-0.00158
500,46,379,Horse,1,0,379,15,26,1.0,0.8849,-0.000211,0,379,17,29,G,0.0,0.541,-2.4e-05,0,30,0,30,0.83671,-0.00158
500,46,78,Automobile,1,0,78,24,10,0.0,0.8044,-0.002397,0,78,24,10,G,0.0,0.4811,-0.001159,0,31,0,31,0.83671,-0.00158
500,46,493,Truck,0,1,166,14,21,1.0,0.9722,-0.001123,1,166,20,0,G,0.0,0.3867,-0.000557,0,32,0,32,0.83671,-0.00158
500,46,389,Horse,1,0,389,9,27,1.0,0.9953,-0.004227,0,389,9,27,G,1.0,0.587,-0.00211,0,33,0,33,0.83671,-0.00158
500,46,104,Bird,0,1,230,30,23,0.0,0.7485,-0.00358,1,230,29,28,G,0.0,0.4282,-0.001906,0,34,0,34,0.83671,-0.00158
500,46,164,Cat,1,0,164,21,7,1.0,0.8892,-0.015421,0,164,21,7,G,1.0,0.5179,-0.006853,0,35,0,35,0.83671,-0.00158
500,46,440,Ship,1,0,440,31,9,1.0,0.9327,-0.00133,0,440,31,9,G,1.0,0.5456,-0.000679,0,36,0,36,0.83671,-0.00158
500,46,257,Dog,1,0,257,17,12,1.0,0.9477,-0.00087,0,257,17,12,G,1.0,0.5594,-0.00039,0,37,0,37,0.83671,-0.00158
500,46,165,Cat,0,1,411,15,7,1.0,0.9018,-0.001494,1,411,15,7,G,1.0,0.5502,-0.000834,0,38,0,38,0.83671,-0.00158
500,46,454,Truck,1,0,454,27,29,1.0,0.9636,-0.002126,0,454,27,29,G,1.0,0.5686,-0.001047,0,39,0,39,0.83671,-0.00158
500,46,44,Airplane,1,0,44,7,27,1.0,1.0,-0.000598,0,44,5,24,G,1.0,0.587,-0.00028,0,40,0,40,0.83671,-0.00158
500,46,416,Ship,1,0,416,1,16,1.0,0.8109,-0.008026,0,416,1,16,G,1.0,0.488,-0.004098,0,41,0,41,0.83671,-0.00158
500,46,198,Cat,1,0,198,12,3,0.0,0.8707,-0.000578,0,198,12,3,G,0.0,0.5156,-0.000276,0,42,0,42,0.83671,-0.00158
500,46,208,Deer,1,0,208,2,3,1.0,0.9003,-0.004494,0,208,11,31,G,0.0,0.3775,-0.001948,0,43,0,43,0.83671,-0.00158
500,46,227,Deer,1,0,227,11,12,0.0,0.8695,-0.001316,0,227,21,18,G,1.0,0.5133,-0.000462,0,44,0,44,0.83671,-0.00158
500,46,202,Deer,0,1,28,24,17,1.0,0.7853,-0.019424,1,28,24,17,G,1.0,0.4581,-0.009275,0,45,0,45,0.83671,-0.00158
500,46,415,Ship,1,0,415,20,10,1.0,0.9987,-0.002802,0,415,20,10,G,1.0,0.587,-0.001296,0,46,0,46,0.83671,-0.00158
500,46,368,Horse,1,0,368,8,18,0.0,0.8236,-0.003546,0,368,8,18,G,0.0,0.5133,-0.001789,0,47,0,47,0.83671,-0.00158
500,46,471,Truck,0,1,166,1,16,0.0,0.7518,-0.005473,1,166,1,16,G,0.0,0.4489,-0.002925,0,48,0,48,0.83671,-0.00158
500,46,435,Ship,1,0,435,23,0,1.0,0.896,-0.002393,0,435,23,0,G,1.0,0.5364,-0.001216,0,49,0,49,0.83671,-0.00158
