seed,probe_idx,class,baseline_correct,a_success,a_retrieved,a_pixel_i,a_pixel_j,a_pixel_val,a_l2,a_cosine_delta,b_success,b_retrieved,mean_pairwise_cosine
42,0,T-shirt,1,0,0,1,10,0.0,1.0,-0.0,0,0,0.58847
42,1,T-shirt,0,1,0,3,6,0.0,1.0,0.0,1,0,0.58847
42,2,T-shirt,0,1,66,1,13,0.0,1.0,-3e-05,1,66,0.58847
42,3,T-shirt,0,1,66,15,4,1.0,1.0,-0.000972,1,66,0.58847
42,4,T-shirt,0,1,66,1,19,0.0,1.0,-0.0,1,66,0.58847
42,5,T-shirt,1,0,5,4,9,0.0,1.0,-0.0,0,5,0.58847
42,6,T-shirt,0,1,0,2,13,0.0,0.9961,1e-06,1,0,0.58847
42,7,T-shirt,0,1,66,8,20,0.0,0.9961,0.0,1,66,0.58847
42,8,T-shirt,0,1,66,20,24,1.0,1.0,-0.001751,1,66,0.58847
42,9,T-shirt,1,0,9,1,13,0.0,1.0,0.0,0,9,0.58847
42,10,Trouser,0,1,17,11,16,0.0,1.0,0.0,1,17,0.58847
42,11,Trouser,0,1,9,5,22,1.0,1.0,-0.089001,1,3,0.58847
42,12,Trouser,0,1,17,1,9,0.0,1.0,0.0,1,17,0.58847
42,13,Trouser,0,1,9,26,15,0.0,1.0,0.0,1,9,0.58847
42,14,Trouser,0,1,9,8,14,0.0,1.0,0.0,1,9,0.58847
42,15,Trouser,0,1,17,7,15,0.0,0.9961,0.0,1,17,0.58847
42,16,Trouser,0,1,66,13,15,0.0,1.0,-0.0,1,66,0.58847
42,17,Trouser,1,1,9,5,6,1.0,1.0,-0.114947,0,17,0.58847
42,18,Trouser,1,0,18,1,10,0.0,1.0,-0.0,0,18,0.58847
42,19,Trouser,0,1,9,20,24,1.0,1.0,-0.020696,1,9,0.58847
42,20,Pullover,0,1,66,14,21,0.0,1.0,0.0,1,66,0.58847
42,21,Pullover,0,1,66,1,8,0.0,1.0,-1e-06,1,66,0.58847
42,22,Pullover,0,1,66,6,9,0.0,1.0,-0.0,1,66,0.58847
42,23,Pullover,0,1,66,9,7,0.0,0.9961,0.0,1,66,0.58847
42,24,Pullover,0,1,66,1,15,0.0,1.0,-1e-06,1,66,0.58847
42,25,Pullover,0,1,66,12,7,0.0,1.0,-0.0,1,66,0.58847
42,26,Pullover,0,1,66,18,7,0.0,1.0,0.0,1,66,0.58847
42,27,Pullover,0,1,66,19,22,0.0,1.0,-0.0,1,66,0.58847
42,28,Pullover,0,1,66,1,14,0.0,1.0,-0.0,1,66,0.58847
42,29,Pullover,0,1,66,1,14,0.0,1.0,-0.0,1,66,0.58847
42,30,Dress,0,1,63,12,7,1.0,1.0,-0.000606,1,63,0.58847
42,31,Dress,0,1,66,12,18,0.0,1.0,0.0,1,66,0.58847
42,32,Dress,0,1,9,26,18,0.0,1.0,0.0,1,9,0.58847
42,33,Dress,0,1,66,1,14,0.0,1.0,0.0,1,66,0.58847
42,34,Dress,0,1,9,7,11,0.0,1.0,-0.0,1,9,0.58847
42,35,Dress,0,1,9,7,10,0.0,1.0,-0.0,1,9,0.58847
42,36,Dress,0,1,66,1,7,1.0,1.0,-0.167144,1,66,0.58847
42,37,Dress,0,1,66,20,24,1.0,1.0,-0.069665,1,66,0.58847
42,38,Dress,0,1,66,26,17,0.0,1.0,-0.0,1,66,0.58847
42,39,Dress,0,1,66,10,10,0.0,0.9961,-0.0,1,66,0.58847
42,40,Coat,0,1,66,3,15,0.0,1.0,-0.0,1,66,0.58847
42,41,Coat,0,1,66,1,16,0.0,1.0,-0.0,1,66,0.58847
42,42,Coat,0,1,66,5,14,0.0,1.0,-0.0,1,66,0.58847
42,43,Coat,0,1,66,1,13,0.0,1.0,0.0,1,66,0.58847
42,44,Coat,0,1,66,10,9,0.0,1.0,0.0,1,66,0.58847
42,45,Coat,0,1,66,14,7,0.0,1.0,-0.0,1,66,0.58847
42,46,Coat,0,1,66,4,15,0.0,1.0,-0.0,1,66,0.58847
42,47,Coat,0,1,66,10,5,0.0,1.0,1e-06,1,66,0.58847
42,48,Coat,0,1,66,20,24,1.0,1.0,-0.15524,1,66,0.58847
42,49,Coat,0,1,66,26,19,0.0,1.0,-0.0,1,66,0.58847
42,50,Sandal,0,1,91,20,21,1.0,1.0,-0.000274,1,91,0.58847
42,51,Sandal,0,1,91,23,9,0.0,1.0,0.0,1,91,0.58847
42,52,Sandal,0,1,82,18,8,0.0,1.0,-0.0,1,82,0.58847
42,53,Sandal,0,1,71,17,24,0.0,1.0,-0.0,1,71,0.58847
42,54,Sandal,0,1,82,9,22,0.0,0.9961,-0.0,1,82,0.58847
42,55,Sandal,0,1,66,1,7,1.0,1.0,-0.185071,1,71,0.58847
42,56,Sandal,0,1,66,1,7,1.0,1.0,-0.081919,1,71,0.58847
42,57,Sandal,0,1,87,25,16,1.0,1.0,-0.00058,1,87,0.58847
42,58,Sandal,0,1,71,14,17,0.0,1.0,0.0,1,71,0.58847
42,59,Sandal,0,1,5,4,9,1.0,1.0,-0.119297,1,5,0.58847
42,60,Shirt,0,1,66,1,15,0.0,1.0,-0.0,1,66,0.58847
42,61,Shirt,0,1,66,16,7,0.0,1.0,-0.0,1,66,0.58847
42,62,Shirt,0,1,66,18,8,0.0,1.0,-0.0,1,66,0.58847
42,63,Shirt,1,1,0,11,6,1.0,1.0,-0.077109,0,63,0.58847
42,64,Shirt,0,1,66,1,13,0.0,1.0,0.0,1,66,0.58847
42,65,Shirt,0,1,66,26,10,0.0,1.0,-0.0,1,66,0.58847
42,66,Shirt,1,0,66,1,7,0.0,1.0,1e-06,0,66,0.58847
42,67,Shirt,0,1,66,12,9,0.0,1.0,-1e-06,1,66,0.58847
42,68,Shirt,0,1,66,21,5,0.0,1.0,-0.0,1,66,0.58847
42,69,Shirt,0,1,66,14,21,0.0,1.0,0.0,1,66,0.58847
42,70,Sneaker,0,1,71,13,15,0.0,1.0,-0.0,1,71,0.58847
42,71,Sneaker,1,0,71,11,15,0.0,1.0,0.0,0,71,0.58847
42,72,Sneaker,0,1,66,13,10,0.0,1.0,-0.0,1,66,0.58847
42,73,Sneaker,0,1,71,12,19,0.0,1.0,-0.0,1,71,0.58847
42,74,Sneaker,0,1,71,12,10,0.0,0.9961,-0.0,1,71,0.58847
42,75,Sneaker,0,1,5,4,9,1.0,1.0,-0.193695,1,5,0.58847
42,76,Sneaker,0,1,66,12,19,0.0,1.0,-0.0,1,66,0.58847
42,77,Sneaker,0,1,66,8,17,0.0,1.0,-0.0,1,66,0.58847
42,78,Sneaker,0,1,87,14,22,0.0,0.9961,0.0,1,87,0.58847
42,79,Sneaker,0,1,71,12,20,0.0,1.0,0.0,1,71,0.58847
42,80,Bag,0,1,66,26,20,0.0,1.0,0.0,1,66,0.58847
42,81,Bag,0,1,66,15,18,0.0,1.0,-0.0,1,66,0.58847
42,82,Bag,1,0,82,20,8,0.0,1.0,-0.0,0,82,0.58847
42,83,Bag,0,1,66,18,2,0.0,1.0,0.0,1,66,0.58847
42,84,Bag,0,1,66,2,16,0.0,1.0,-0.0,1,66,0.58847
42,85,Bag,0,1,66,1,7,1.0,1.0,-0.009661,1,66,0.58847
42,86,Bag,1,0,86,15,2,0.0,1.0,0.0,0,86,0.58847
42,87,Bag,1,0,87,23,2,0.0,1.0,-0.0,0,87,0.58847
42,88,Bag,1,1,86,22,26,0.0,0.9961,-0.310902,1,86,0.58847
42,89,Bag,1,0,89,26,25,0.0,1.0,0.0,0,89,0.58847
42,90,Ankle-boot,0,1,66,22,22,0.0,1.0,1.1e-05,1,66,0.58847
42,91,Ankle-boot,1,0,91,7,12,0.0,1.0,0.0,0,91,0.58847
42,92,Ankle-boot,1,0,92,7,23,0.0,1.0,-0.0,0,92,0.58847
42,93,Ankle-boot,0,1,86,15,3,1.0,1.0,-0.004273,1,86,0.58847
42,94,Ankle-boot,1,0,94,17,23,0.0,1.0,-0.0,0,94,0.58847
42,95,Ankle-boot,0,1,66,19,18,0.0,1.0,-0.0,1,66,0.58847
42,96,Ankle-boot,1,0,96,13,14,0.0,1.0,-0.0,0,96,0.58847
42,97,Ankle-boot,0,1,99,9,13,1.0,1.0,-0.067448,1,99,0.58847
42,98,Ankle-boot,1,0,98,9,23,0.0,1.0,0.0,0,98,0.58847
42,99,Ankle-boot,0,1,66,10,16,0.0,1.0,-0.0,1,66,0.58847
43,0,T-shirt,1,0,0,1,3,0.0,1.0,0.0,0,0,0.60682
43,1,T-shirt,0,1,29,1,13,0.0,1.0,1e-06,1,29,0.60682
43,2,T-shirt,0,1,66,4,16,0.0,1.0,0.0,1,66,0.60682
43,3,T-shirt,0,1,29,26,19,0.0,1.0,0.0,1,29,0.60682
43,4,T-shirt,0,1,29,14,5,1.0,1.0,-0.000533,1,29,0.60682
43,5,T-shirt,0,1,29,1,16,0.0,1.0,1e-06,1,29,0.60682
43,6,T-shirt,0,1,29,2,12,0.0,1.0,0.0,1,29,0.60682
43,7,T-shirt,0,1,29,1,12,0.0,1.0,0.0,1,29,0.60682
43,8,T-shirt,0,1,29,1,12,0.0,1.0,1e-06,1,29,0.60682
43,9,T-shirt,0,1,29,26,7,0.0,1.0,0.0,1,29,0.60682
43,10,Trouser,0,1,29,1,10,0.0,1.0,0.0,1,29,0.60682
43,11,Trouser,0,1,29,2,6,1.0,1.0,-0.301872,1,29,0.60682
43,12,Trouser,0,1,29,13,8,1.0,1.0,-0.000956,1,29,0.60682
43,13,Trouser,0,1,29,2,6,1.0,1.0,-0.097197,1,29,0.60682
43,14,Trouser,0,1,29,7,14,0.0,1.0,0.0,1,29,0.60682
43,15,Trouser,0,1,40,1,8,1.0,1.0,-0.000369,1,40,0.60682
43,16,Trouser,0,1,29,23,16,0.0,1.0,0.0,1,29,0.60682
43,17,Trouser,0,1,29,5,11,0.0,0.9961,0.0,1,29,0.60682
43,18,Trouser,0,1,29,1,14,0.0,0.9961,0.0,1,29,0.60682
43,19,Trouser,0,1,29,1,12,0.0,1.0,0.0,1,29,0.60682
43,20,Pullover,0,1,29,14,6,0.0,1.0,-0.0,1,29,0.60682
43,21,Pullover,0,1,29,23,16,0.0,0.9961,0.0,1,29,0.60682
43,22,Pullover,1,0,22,8,22,0.0,1.0,-1e-06,0,22,0.60682
43,23,Pullover,0,1,29,0,16,0.0,1.0,1e-06,1,29,0.60682
43,24,Pullover,0,1,29,1,14,0.0,1.0,1e-06,1,29,0.60682
43,25,Pullover,0,1,29,9,12,0.0,0.9961,1e-06,1,29,0.60682
43,26,Pullover,0,1,29,9,3,1.0,1.0,-0.060369,1,66,0.60682
43,27,Pullover,0,1,29,14,21,0.0,1.0,-0.0,1,29,0.60682
43,28,Pullover,0,1,29,24,22,0.0,1.0,0.0,1,29,0.60682
43,29,Pullover,1,0,29,1,8,0.0,1.0,-1e-06,0,29,0.60682
43,30,Dress,0,1,29,1,14,0.0,1.0,-7e-06,1,29,0.60682
43,31,Dress,0,1,29,26,18,0.0,1.0,0.0,1,29,0.60682
43,32,Dress,0,1,40,1,8,1.0,1.0,-0.009037,1,40,0.60682
43,33,Dress,0,1,29,25,19,0.0,1.0,0.0,1,29,0.60682
43,34,Dress,0,1,29,1,11,0.0,1.0,0.0,1,29,0.60682
43,35,Dress,0,1,29,26,16,0.0,1.0,0.0,1,29,0.60682
43,36,Dress,0,1,29,4,10,0.0,1.0,0.0,1,29,0.60682
43,37,Dress,0,1,29,25,14,0.0,1.0,0.0,1,29,0.60682
43,38,Dress,0,1,29,1,16,0.0,1.0,0.000666,1,29,0.60682
43,39,Dress,0,1,29,1,8,0.0,1.0,0.0,1,29,0.60682
43,40,Coat,1,0,40,1,8,1.0,1.0,-0.000959,0,40,0.60682
43,41,Coat,0,1,29,10,10,0.0,1.0,0.0,1,29,0.60682
43,42,Coat,0,1,66,10,7,0.0,1.0,0.0,1,66,0.60682
43,43,Coat,0,1,29,12,8,0.0,1.0,1e-06,1,29,0.60682
43,44,Coat,0,1,29,25,19,0.0,1.0,0.0,1,29,0.60682
43,45,Coat,0,1,29,1,18,0.0,1.0,0.0,1,29,0.60682
43,46,Coat,0,1,29,13,7,0.0,1.0,0.0,1,29,0.60682
43,47,Coat,0,1,29,3,15,0.0,1.0,0.0,1,29,0.60682
43,48,Coat,0,1,29,2,6,1.0,1.0,-0.063663,1,29,0.60682
43,49,Coat,0,1,66,4,11,0.0,1.0,-0.0,1,66,0.60682
43,50,Sandal,0,1,29,9,23,0.0,0.9961,0.0,1,29,0.60682
43,51,Sandal,0,1,92,18,26,0.0,1.0,0.006788,1,92,0.60682
43,52,Sandal,0,1,62,1,9,1.0,1.0,-0.000174,1,62,0.60682
43,53,Sandal,0,1,86,21,13,1.0,1.0,-0.000236,1,86,0.60682
43,54,Sandal,0,1,86,12,3,1.0,1.0,-0.003283,1,86,0.60682
43,55,Sandal,0,1,64,2,6,1.0,1.0,-0.000338,1,64,0.60682
43,56,Sandal,0,1,29,1,8,1.0,1.0,-0.003653,1,29,0.60682
43,57,Sandal,0,1,29,26,7,1.0,1.0,-0.000765,1,29,0.60682
43,58,Sandal,0,1,86,2,6,1.0,1.0,-0.00042,1,86,0.60682
43,59,Sandal,0,1,86,1,8,1.0,1.0,-0.000326,1,86,0.60682
43,60,Shirt,0,1,29,13,7,0.0,1.0,0.0,1,29,0.60682
43,61,Shirt,0,1,29,0,16,0.0,1.0,0.0,1,29,0.60682
43,62,Shirt,0,1,29,14,21,0.0,1.0,1e-06,1,29,0.60682
43,63,Shirt,0,1,29,2,14,0.0,1.0,0.0,1,29,0.60682
43,64,Shirt,1,0,64,1,15,0.0,1.0,0.0,0,64,0.60682
43,65,Shirt,0,1,29,22,9,0.0,1.0,0.0,1,29,0.60682
43,66,Shirt,1,0,66,1,8,0.0,1.0,0.0,0,66,0.60682
43,67,Shirt,0,1,66,1,14,0.0,1.0,-1e-06,1,66,0.60682
43,68,Shirt,0,1,29,1,11,0.0,1.0,0.0,1,29,0.60682
43,69,Shirt,0,1,66,1,12,0.0,1.0,0.0,1,66,0.60682
43,70,Sneaker,0,1,92,16,26,0.0,1.0,0.027332,1,92,0.60682
43,71,Sneaker,0,1,92,4,15,1.0,1.0,-0.000124,1,92,0.60682
43,72,Sneaker,0,1,29,1,19,1.0,1.0,-0.114369,1,86,0.60682
43,73,Sneaker,0,1,29,17,4,0.0,1.0,2.3e-05,1,29,0.60682
43,74,Sneaker,0,1,86,10,12,0.0,1.0,0.0,1,86,0.60682
43,75,Sneaker,1,0,75,9,14,0.0,1.0,0.0,0,75,0.60682
43,76,Sneaker,0,1,29,1,19,1.0,1.0,-0.151552,1,86,0.60682
43,77,Sneaker,0,1,86,12,3,1.0,1.0,-0.005599,1,92,0.60682
43,78,Sneaker,0,1,29,15,26,0.0,1.0,1e-06,1,29,0.60682
43,79,Sneaker,0,1,29,6,18,0.0,1.0,1e-06,1,29,0.60682
43,80,Bag,1,1,29,1,8,1.0,1.0,-0.168298,0,80,0.60682
43,81,Bag,1,0,81,18,26,0.0,1.0,-0.0,0,81,0.60682
43,82,Bag,0,1,29,0,11,1.0,1.0,-0.00016,1,29,0.60682
43,83,Bag,0,1,29,7,26,0.0,0.9961,1e-06,1,29,0.60682
43,84,Bag,0,1,29,22,16,0.0,0.9961,0.0,1,29,0.60682
43,85,Bag,0,1,29,12,9,0.0,0.9961,1e-06,1,29,0.60682
43,86,Bag,0,1,29,12,3,0.0,1.0,-1e-06,1,29,0.60682
43,87,Bag,0,1,29,14,3,0.0,1.0,0.0,1,29,0.60682
43,88,Bag,0,1,29,14,5,1.0,1.0,-0.023948,1,29,0.60682
43,89,Bag,0,1,29,15,20,0.0,0.9961,0.0,1,29,0.60682
43,90,Ankle-boot,0,1,92,15,23,0.0,1.0,0.0,1,92,0.60682
43,91,Ankle-boot,0,1,29,9,24,0.0,1.0,1e-06,1,29,0.60682
43,92,Ankle-boot,1,0,92,5,18,0.0,1.0,0.0,0,92,0.60682
43,93,Ankle-boot,0,1,29,6,21,0.0,1.0,0.0,1,29,0.60682
43,94,Ankle-boot,0,1,92,20,26,0.0,1.0,-0.0,1,92,0.60682
43,95,Ankle-boot,0,1,92,11,15,0.0,1.0,-0.0,1,92,0.60682
43,96,Ankle-boot,0,1,92,9,19,0.0,1.0,-0.0,1,92,0.60682
43,97,Ankle-boot,0,1,29,19,19,0.0,1.0,1e-06,1,29,0.60682
43,98,Ankle-boot,1,0,98,22,16,0.0,1.0,-0.0,0,98,0.60682
43,99,Ankle-boot,0,1,92,7,23,0.0,1.0,0.0,1,92,0.60682
44,0,T-shirt,0,1,3,2,11,0.0,1.0,1e-06,1,3,0.60188
44,1,T-shirt,0,1,40,26,3,1.0,1.0,-0.017801,1,40,0.60188
44,2,T-shirt,0,1,3,1,9,0.0,1.0,1e-06,1,3,0.60188
44,3,T-shirt,1,0,3,1,10,0.0,1.0,-0.0,0,3,0.60188
44,4,T-shirt,0,1,3,14,5,0.0,1.0,0.0,1,3,0.60188
44,5,T-shirt,0,1,3,10,5,1.0,1.0,-0.014301,0,5,0.60188
44,6,T-shirt,0,1,3,10,5,1.0,1.0,-0.029397,1,5,0.60188
44,7,T-shirt,0,1,3,10,6,0.0,1.0,-0.0,1,3,0.60188
44,8,T-shirt,0,1,3,2,15,0.0,1.0,0.0,1,3,0.60188
44,9,T-shirt,0,1,3,7,18,0.0,1.0,-0.0,1,3,0.60188
44,10,Trouser,0,1,3,7,3,1.0,1.0,-0.135052,1,3,0.60188
44,11,Trouser,1,0,11,1,10,0.0,1.0,-0.0,0,11,0.60188
44,12,Trouser,0,1,11,1,10,0.0,1.0,0.0,1,11,0.60188
44,13,Trouser,0,1,16,1,11,0.0,1.0,-0.0,1,16,0.60188
44,14,Trouser,0,1,3,1,15,0.0,1.0,0.0,1,3,0.60188
44,15,Trouser,0,1,34,1,10,0.0,1.0,-0.0,1,34,0.60188
44,16,Trouser,1,0,16,1,11,0.0,1.0,0.0,0,16,0.60188
44,17,Trouser,0,1,11,0,16,0.0,1.0,0.0,1,11,0.60188
44,18,Trouser,1,0,18,26,13,1.0,1.0,-0.002149,0,18,0.60188
44,19,Trouser,0,1,16,1,18,0.0,1.0,0.0,1,16,0.60188
44,20,Pullover,0,1,24,24,19,0.0,1.0,0.0,1,24,0.60188
44,21,Pullover,1,0,21,1,14,0.0,1.0,-0.0,0,21,0.60188
44,22,Pullover,1,0,22,1,16,0.0,1.0,0.0,0,22,0.60188
44,23,Pullover,0,1,26,1,16,0.0,1.0,0.0,1,26,0.60188
44,24,Pullover,1,0,24,1,13,0.0,1.0,0.0,0,24,0.60188
44,25,Pullover,0,1,43,26,3,1.0,1.0,-0.016503,1,43,0.60188
44,26,Pullover,1,0,26,16,24,0.0,1.0,0.0,0,26,0.60188
44,27,Pullover,0,1,26,15,6,0.0,0.9961,0.0,1,26,0.60188
44,28,Pullover,0,1,26,13,4,1.0,1.0,-0.004436,1,26,0.60188
44,29,Pullover,0,1,26,18,19,0.0,1.0,0.0,1,26,0.60188
44,30,Dress,0,1,24,1,13,0.0,1.0,0.000146,1,24,0.60188
44,31,Dress,0,1,3,1,13,1.0,1.0,-0.001112,1,3,0.60188
44,32,Dress,0,1,3,17,20,0.0,1.0,2e-06,1,3,0.60188
44,33,Dress,0,1,3,18,17,0.0,1.0,1e-06,1,3,0.60188
44,34,Dress,1,0,34,26,11,0.0,1.0,0.0,0,34,0.60188
44,35,Dress,0,1,34,1,15,0.0,1.0,0.0,1,34,0.60188
44,36,Dress,0,1,26,12,11,0.0,0.9961,-0.0,1,26,0.60188
44,37,Dress,0,1,3,8,19,0.0,1.0,1e-06,1,3,0.60188
44,38,Dress,0,1,3,1,13,0.0,1.0,-0.0,1,3,0.60188
44,39,Dress,0,1,34,26,11,0.0,1.0,0.0,1,34,0.60188
44,40,Coat,1,0,40,1,15,0.0,1.0,0.0,0,40,0.60188
44,41,Coat,0,1,26,16,24,1.0,1.0,-0.019116,1,24,0.60188
44,42,Coat,0,1,26,1,16,0.0,1.0,0.0,1,26,0.60188
44,43,Coat,1,0,43,1,8,0.0,1.0,0.0,0,43,0.60188
44,44,Coat,0,1,22,14,8,0.0,1.0,0.0,1,22,0.60188
44,45,Coat,0,1,26,16,24,1.0,1.0,-0.013992,1,24,0.60188
44,46,Coat,0,1,3,11,9,0.0,0.9961,-2.9e-05,1,3,0.60188
44,47,Coat,0,1,26,1,11,0.0,1.0,0.0,1,26,0.60188
44,48,Coat,0,1,3,1,12,0.0,1.0,0.0,1,3,0.60188
44,49,Coat,1,0,49,10,5,1.0,1.0,-0.00177,0,49,0.60188
44,50,Sandal,0,1,26,3,7,1.0,1.0,-0.000151,1,26,0.60188
44,51,Sandal,0,1,85,10,1,1.0,1.0,-0.09685,1,96,0.60188
44,52,Sandal,0,1,84,2,12,1.0,1.0,-0.037903,1,95,0.60188
44,53,Sandal,0,1,89,20,5,1.0,1.0,-0.001233,1,83,0.60188
44,54,Sandal,0,1,96,12,19,0.0,1.0,-0.0,1,96,0.60188
44,55,Sandal,0,1,85,10,1,1.0,1.0,-0.004328,1,89,0.60188
44,56,Sandal,0,1,89,16,10,0.0,1.0,-0.0,1,89,0.60188
44,57,Sandal,0,1,96,17,11,0.0,1.0,0.0,1,96,0.60188
44,58,Sandal,1,0,58,7,13,0.0,1.0,0.0,0,58,0.60188
44,59,Sandal,0,1,85,21,1,1.0,1.0,-0.004228,1,83,0.60188
44,60,Shirt,0,1,26,7,21,0.0,1.0,0.0,1,26,0.60188
44,61,Shirt,0,1,26,11,23,1.0,1.0,-0.000195,1,26,0.60188
44,62,Shirt,0,1,26,11,21,0.0,1.0,0.0,1,26,0.60188
44,63,Shirt,0,1,40,2,14,0.0,1.0,-0.0,1,40,0.60188
44,64,Shirt,0,1,26,16,24,1.0,1.0,-0.018593,1,26,0.60188
44,65,Shirt,0,1,3,10,20,0.0,1.0,-0.0,1,3,0.60188
44,66,Shirt,0,1,69,1,14,0.0,1.0,0.0,1,69,0.60188
44,67,Shirt,0,1,26,24,5,0.0,1.0,0.0,1,26,0.60188
44,68,Shirt,0,1,24,19,6,0.0,0.9961,0.0,1,24,0.60188
44,69,Shirt,1,0,69,15,6,0.0,1.0,0.0,0,69,0.60188
44,70,Sneaker,0,1,83,10,15,0.0,1.0,-0.0,1,83,0.60188
44,71,Sneaker,0,1,83,22,12,1.0,1.0,-0.006396,1,85,0.60188
44,72,Sneaker,1,1,83,21,15,1.0,1.0,-0.237099,0,72,0.60188
44,73,Sneaker,0,1,85,10,1,1.0,1.0,-0.00351,1,89,0.60188
44,74,Sneaker,0,1,83,22,12,1.0,1.0,-0.001223,1,83,0.60188
44,75,Sneaker,0,1,85,10,1,1.0,1.0,-0.008561,1,89,0.60188
44,76,Sneaker,0,1,83,22,12,1.0,1.0,-0.007993,1,89,0.60188
44,77,Sneaker,0,1,85,10,1,1.0,1.0,-0.004655,1,89,0.60188
44,78,Sneaker,0,1,83,22,12,1.0,1.0,-0.006459,1,89,0.60188
44,79,Sneaker,0,1,83,22,12,1.0,1.0,-0.003933,1,89,0.60188
44,80,Bag,0,1,85,20,7,0.0,1.0,-0.0,1,85,0.60188
44,81,Bag,0,1,40,5,11,0.0,1.0,1e-06,1,40,0.60188
44,82,Bag,0,1,89,9,16,0.0,1.0,4.5e-05,1,89,0.60188
44,83,Bag,1,0,83,7,26,0.0,1.0,-0.0,0,83,0.60188
44,84,Bag,1,0,84,2,12,0.0,1.0,-0.0,0,84,0.60188
44,85,Bag,1,0,85,10,1,0.0,1.0,0.0,0,85,0.60188
44,86,Bag,0,1,84,16,2,0.0,1.0,-0.0,1,84,0.60188
44,87,Bag,0,1,40,12,13,0.0,1.0,-0.0,1,40,0.60188
44,88,Bag,0,1,26,13,15,0.0,0.9961,0.0,1,26,0.60188
44,89,Bag,1,0,89,7,2,0.0,1.0,-1e-06,0,89,0.60188
44,90,Ankle-boot,1,0,90,22,24,0.0,1.0,0.0,0,90,0.60188
44,91,Ankle-boot,0,1,84,23,6,0.0,1.0,0.0,1,84,0.60188
44,92,Ankle-boot,0,1,84,22,18,0.0,0.9961,0.0,1,84,0.60188
44,93,Ankle-boot,0,1,96,10,16,0.0,1.0,0.0,1,96,0.60188
44,94,Ankle-boot,0,1,96,21,17,0.0,1.0,1e-06,1,96,0.60188
44,95,Ankle-boot,1,0,95,13,26,0.0,1.0,-0.0,0,95,0.60188
44,96,Ankle-boot,1,0,96,7,15,0.0,1.0,-0.0,0,96,0.60188
44,97,Ankle-boot,0,1,84,5,26,0.0,0.9961,-0.0,1,84,0.60188
44,98,Ankle-boot,0,1,96,19,26,0.0,1.0,7.2e-05,1,96,0.60188
44,99,Ankle-boot,0,1,96,16,26,0.0,1.0,-0.0,1,96,0.60188
45,0,T-shirt,0,1,67,5,14,0.0,1.0,0.0,1,67,0.59337
45,1,T-shirt,0,1,9,2,18,0.0,1.0,0.0,1,9,0.59337
45,2,T-shirt,1,0,2,13,8,0.0,1.0,0.0,0,2,0.59337
45,3,T-shirt,0,1,9,1,14,0.0,1.0,1e-06,1,9,0.59337
45,4,T-shirt,0,1,9,9,21,0.0,1.0,0.0,1,9,0.59337
45,5,T-shirt,0,1,9,1,18,0.0,1.0,1e-06,1,9,0.59337
45,6,T-shirt,0,1,68,12,23,1.0,1.0,-0.000521,1,68,0.59337
45,7,T-shirt,0,1,9,10,7,0.0,1.0,0.0,1,9,0.59337
45,8,T-shirt,0,1,9,1,12,0.0,1.0,1e-06,1,9,0.59337
45,9,T-shirt,1,0,9,1,16,0.0,1.0,0.0,0,9,0.59337
45,10,Trouser,0,1,67,11,15,0.0,1.0,-0.0,1,67,0.59337
45,11,Trouser,0,1,67,15,15,0.0,1.0,-0.0,1,67,0.59337
45,12,Trouser,0,1,62,15,7,1.0,0.9686,-0.000635,1,62,0.59337
45,13,Trouser,0,1,67,1,13,0.0,1.0,0.0,1,67,0.59337
45,14,Trouser,0,1,67,1,13,0.0,1.0,0.0,1,67,0.59337
45,15,Trouser,0,1,67,0,11,0.0,1.0,0.0,1,67,0.59337
45,16,Trouser,0,1,67,26,15,0.0,1.0,0.0,1,67,0.59337
45,17,Trouser,0,1,67,8,14,0.0,1.0,-0.0,1,67,0.59337
45,18,Trouser,0,1,67,13,15,0.0,1.0,0.0,1,67,0.59337
45,19,Trouser,0,1,67,1,9,0.0,1.0,0.0,1,67,0.59337
45,20,Pullover,0,1,68,5,11,0.0,1.0,1e-06,1,68,0.59337
45,21,Pullover,0,1,62,17,6,0.0,1.0,-0.0,1,62,0.59337
45,22,Pullover,0,1,68,11,18,0.0,1.0,-0.0,1,68,0.59337
45,23,Pullover,0,1,68,24,20,0.0,1.0,-0.0,1,68,0.59337
45,24,Pullover,1,0,24,1,12,0.0,1.0,0.0,0,24,0.59337
45,25,Pullover,0,1,68,10,23,1.0,0.9412,-0.001116,1,68,0.59337
45,26,Pullover,1,0,26,9,20,0.0,1.0,0.0,0,26,0.59337
45,27,Pullover,0,1,68,3,14,0.0,0.9961,0.0,1,68,0.59337
45,28,Pullover,0,1,68,15,6,0.0,1.0,-0.0,1,68,0.59337
45,29,Pullover,0,1,68,10,23,1.0,1.0,-0.01669,1,68,0.59337
45,30,Dress,0,1,67,1,11,0.0,1.0,0.0,1,67,0.59337
45,31,Dress,0,1,67,2,10,0.0,1.0,0.0,1,67,0.59337
45,32,Dress,0,1,62,1,13,0.0,1.0,-1e-06,1,62,0.59337
45,33,Dress,0,1,9,8,5,1.0,1.0,-0.034272,1,67,0.59337
45,34,Dress,0,1,67,1,13,0.0,1.0,-0.0,1,67,0.59337
45,35,Dress,0,1,62,6,6,1.0,1.0,-0.001054,1,62,0.59337
45,36,Dress,1,1,67,1,7,1.0,1.0,-0.250692,0,36,0.59337
45,37,Dress,0,1,67,6,9,0.0,1.0,-0.0,1,67,0.59337
45,38,Dress,0,1,67,22,10,0.0,1.0,0.0,1,67,0.59337
45,39,Dress,0,1,67,8,11,0.0,1.0,-0.0,1,67,0.59337
45,40,Coat,0,1,68,3,13,0.0,1.0,0.0,1,68,0.59337
45,41,Coat,0,1,68,24,13,1.0,1.0,-0.000369,1,68,0.59337
45,42,Coat,0,1,62,1,17,0.0,1.0,-7e-06,1,62,0.59337
45,43,Coat,0,1,68,1,13,0.0,1.0,1e-06,1,68,0.59337
45,44,Coat,1,0,44,3,8,0.0,1.0,0.0,0,44,0.59337
45,45,Coat,1,0,45,1,11,0.0,1.0,1e-06,0,45,0.59337
45,46,Coat,0,1,68,1,15,0.0,1.0,0.0,1,68,0.59337
45,47,Coat,0,1,62,4,15,0.0,1.0,0.0,1,62,0.59337
45,48,Coat,0,1,62,1,12,0.0,1.0,0.0,1,62,0.59337
45,49,Coat,0,1,68,15,20,0.0,1.0,-0.0,1,68,0.59337
45,50,Sandal,0,1,96,20,10,0.0,1.0,0.0,1,96,0.59337
45,51,Sandal,1,1,88,23,11,1.0,1.0,-0.264971,0,51,0.59337
45,52,Sandal,0,1,96,17,5,0.0,1.0,-1.3e-05,1,96,0.59337
45,53,Sandal,0,1,96,17,9,0.0,1.0,0.0,1,96,0.59337
45,54,Sandal,1,0,54,7,18,0.0,1.0,-0.0,0,54,0.59337
45,55,Sandal,0,1,96,8,24,0.0,0.9961,0.0,1,96,0.59337
45,56,Sandal,0,1,26,5,6,1.0,1.0,-0.021258,1,24,0.59337
45,57,Sandal,0,1,26,2,7,1.0,1.0,-0.058888,1,88,0.59337
45,58,Sandal,0,1,88,14,18,0.0,1.0,-0.0,1,88,0.59337
45,59,Sandal,1,0,59,6,21,0.0,1.0,-0.0,0,59,0.59337
45,60,Shirt,0,1,68,2,14,0.0,1.0,-3e-06,1,68,0.59337
45,61,Shirt,0,1,68,13,21,0.0,1.0,-0.0,1,68,0.59337
45,62,Shirt,1,0,62,1,12,0.0,1.0,-0.0,0,62,0.59337
45,63,Shirt,0,1,68,1,13,0.0,1.0,-0.0,1,68,0.59337
45,64,Shirt,0,1,9,1,12,0.0,1.0,1e-06,1,9,0.59337
45,65,Shirt,0,1,68,19,4,0.0,1.0,1e-05,1,68,0.59337
45,66,Shirt,0,1,68,19,6,1.0,1.0,-0.024403,1,9,0.59337
45,67,Shirt,1,0,67,1,7,0.0,1.0,0.0,0,67,0.59337
45,68,Shirt,1,0,68,1,12,0.0,1.0,-0.0,0,68,0.59337
45,69,Shirt,0,1,68,4,15,0.0,1.0,0.0,1,68,0.59337
45,70,Sneaker,1,0,70,12,22,0.0,1.0,1e-06,0,70,0.59337
45,71,Sneaker,0,1,70,23,11,1.0,1.0,-0.002497,1,70,0.59337
45,72,Sneaker,0,1,96,18,13,0.0,1.0,-0.0,1,96,0.59337
45,73,Sneaker,0,1,70,18,10,0.0,1.0,-1e-06,1,70,0.59337
45,74,Sneaker,0,1,96,14,26,0.0,1.0,0.0,1,96,0.59337
45,75,Sneaker,0,1,88,12,19,0.0,1.0,-0.0,1,88,0.59337
45,76,Sneaker,0,1,88,15,17,0.0,1.0,-0.0,1,88,0.59337
45,77,Sneaker,0,1,96,12,16,0.0,1.0,1e-06,1,96,0.59337
45,78,Sneaker,0,1,88,15,26,0.0,1.0,-0.0,1,88,0.59337
45,79,Sneaker,0,1,96,13,14,0.0,1.0,0.000136,1,96,0.59337
45,80,Bag,0,1,68,25,4,0.0,1.0,0.0,1,68,0.59337
45,81,Bag,0,1,88,11,25,0.0,1.0,-0.0,1,88,0.59337
45,82,Bag,0,1,44,16,22,0.0,1.0,-0.0,1,44,0.59337
45,83,Bag,0,1,62,10,14,0.0,1.0,-0.0,1,62,0.59337
45,84,Bag,0,1,68,7,7,0.0,1.0,0.0,1,68,0.59337
45,85,Bag,1,0,85,16,1,0.0,1.0,0.0,0,85,0.59337
45,86,Bag,0,1,68,16,7,0.0,1.0,0.0,1,68,0.59337
45,87,Bag,0,1,68,1,16,0.0,1.0,-0.0,1,68,0.59337
45,88,Bag,1,0,88,20,16,0.0,1.0,-0.0,0,88,0.59337
45,89,Bag,1,0,89,13,5,0.0,1.0,0.0,0,89,0.59337
45,90,Ankle-boot,1,0,90,12,23,0.0,1.0,0.0,0,90,0.59337
45,91,Ankle-boot,0,1,96,24,9,0.0,1.0,0.0,1,96,0.59337
45,92,Ankle-boot,0,1,96,18,26,0.0,1.0,1.2e-05,1,96,0.59337
45,93,Ankle-boot,0,1,95,9,25,0.0,1.0,0.0,1,95,0.59337
45,94,Ankle-boot,0,1,96,7,20,0.0,1.0,-0.0,1,96,0.59337
45,95,Ankle-boot,1,0,95,4,16,0.0,1.0,0.0,0,95,0.59337
45,96,Ankle-boot,1,0,96,4,15,0.0,1.0,0.0,0,96,0.59337
45,97,Ankle-boot,0,1,96,21,26,0.0,1.0,0.0,1,96,0.59337
45,98,Ankle-boot,0,1,96,20,10,0.0,1.0,0.0,1,96,0.59337
45,99,Ankle-boot,0,1,96,24,5,0.0,1.0,0.0,1,96,0.59337
46,0,T-shirt,0,1,9,1,15,0.0,1.0,-1e-06,1,9,0.58692
46,1,T-shirt,1,0,1,26,18,0.0,1.0,0.0,0,1,0.58692
46,2,T-shirt,0,1,28,7,19,0.0,1.0,-4.6e-05,1,28,0.58692
46,3,T-shirt,0,1,9,1,17,0.0,1.0,-1e-06,1,9,0.58692
46,4,T-shirt,0,1,9,7,25,1.0,1.0,-0.001477,0,4,0.58692
46,5,T-shirt,0,1,9,8,22,0.0,1.0,-1.8e-05,1,9,0.58692
46,6,T-shirt,1,0,6,5,9,0.0,1.0,0.0,0,6,0.58692
46,7,T-shirt,0,1,43,20,20,0.0,1.0,-1e-06,1,43,0.58692
46,8,T-shirt,0,1,9,1,15,0.0,1.0,-0.0,1,9,0.58692
46,9,T-shirt,1,0,9,1,11,0.0,1.0,1e-06,0,9,0.58692
46,10,Trouser,0,1,43,1,9,0.0,1.0,-0.0,1,43,0.58692
46,11,Trouser,0,1,43,12,6,1.0,1.0,-0.093463,1,36,0.58692
46,12,Trouser,0,1,43,2,10,0.0,1.0,-0.0,1,43,0.58692
46,13,Trouser,0,1,28,13,12,0.0,1.0,-0.0,1,28,0.58692
46,14,Trouser,0,1,43,6,7,1.0,1.0,-0.000768,1,43,0.58692
46,15,Trouser,0,1,43,7,14,0.0,1.0,-0.0,1,43,0.58692
46,16,Trouser,0,1,43,1,10,0.0,1.0,0.0,1,43,0.58692
46,17,Trouser,0,1,43,1,10,0.0,1.0,-0.0,1,43,0.58692
46,18,Trouser,0,1,43,10,15,0.0,1.0,0.0,1,43,0.58692
46,19,Trouser,0,1,43,7,13,0.0,1.0,0.0,1,43,0.58692
46,20,Pullover,1,0,20,26,21,0.0,0.9961,1e-06,0,20,0.58692
46,21,Pullover,0,1,28,19,21,0.0,1.0,0.0,1,28,0.58692
46,22,Pullover,0,1,28,14,7,0.0,1.0,0.0,1,28,0.58692
46,23,Pullover,0,1,28,1,17,0.0,1.0,-1e-06,1,28,0.58692
46,24,Pullover,0,1,28,21,19,0.0,1.0,-1e-06,1,28,0.58692
46,25,Pullover,0,1,28,22,22,0.0,1.0,0.0,1,28,0.58692
46,26,Pullover,0,1,28,13,22,0.0,1.0,-0.0,1,28,0.58692
46,27,Pullover,0,1,28,25,19,0.0,1.0,-1e-06,1,28,0.58692
46,28,Pullover,1,0,28,1,11,0.0,1.0,0.0,0,28,0.58692
46,29,Pullover,0,1,28,13,7,0.0,0.9961,-0.0,1,28,0.58692
46,30,Dress,0,1,43,1,13,0.0,1.0,-1e-06,1,43,0.58692
46,31,Dress,0,1,9,5,21,1.0,0.9922,-0.000202,1,9,0.58692
46,32,Dress,0,1,9,6,4,1.0,1.0,-0.014647,1,43,0.58692
46,33,Dress,0,1,43,4,14,0.0,1.0,0.0,1,43,0.58692
46,34,Dress,0,1,43,6,16,0.0,1.0,-0.0,1,43,0.58692
46,35,Dress,0,1,9,5,21,1.0,1.0,-0.011982,1,43,0.58692
46,36,Dress,1,0,36,1,10,0.0,1.0,-0.0,0,36,0.58692
46,37,Dress,0,1,9,22,13,0.0,0.9961,-2.2e-05,1,9,0.58692
46,38,Dress,0,1,43,10,20,0.0,1.0,0.0,1,43,0.58692
46,39,Dress,0,1,9,26,14,0.0,0.9961,-1e-06,1,9,0.58692
46,40,Coat,0,1,28,2,13,0.0,1.0,0.0,1,28,0.58692
46,41,Coat,0,1,43,23,7,0.0,1.0,0.0,1,43,0.58692
46,42,Coat,0,1,28,2,7,1.0,1.0,-0.051368,0,42,0.58692
46,43,Coat,1,0,43,1,12,0.0,1.0,-0.0,0,43,0.58692
46,44,Coat,0,1,43,1,11,0.0,1.0,-0.0,1,43,0.58692
46,45,Coat,0,1,28,9,5,0.0,1.0,-1e-06,1,28,0.58692
46,46,Coat,0,1,43,25,14,0.0,1.0,-0.0,1,43,0.58692
46,47,Coat,1,0,47,1,12,0.0,1.0,-0.0,0,47,0.58692
46,48,Coat,0,1,28,26,5,0.0,1.0,-1e-06,1,28,0.58692
46,49,Coat,0,1,43,1,12,0.0,1.0,-1e-06,1,43,0.58692
46,50,Sandal,1,0,50,4,20,0.0,1.0,0.0,0,50,0.58692
46,51,Sandal,1,0,51,4,24,0.0,1.0,0.0,0,51,0.58692
46,52,Sandal,0,1,28,16,11,0.0,1.0,-0.0,1,28,0.58692
46,53,Sandal,0,1,78,17,20,0.0,1.0,0.0,1,78,0.58692
46,54,Sandal,0,1,28,26,5,1.0,1.0,-0.043173,1,1,0.58692
46,55,Sandal,1,0,55,7,25,0.0,1.0,0.0,0,55,0.58692
46,56,Sandal,0,1,47,19,5,1.0,1.0,-0.032757,1,1,0.58692
46,57,Sandal,0,1,28,2,18,1.0,1.0,-0.017989,1,47,0.58692
46,58,Sandal,1,0,58,2,16,0.0,1.0,-0.0,0,58,0.58692
46,59,Sandal,0,1,89,19,3,0.0,1.0,0.002552,1,89,0.58692
46,60,Shirt,0,1,28,1,16,0.0,1.0,-1e-06,1,28,0.58692
46,61,Shirt,0,1,47,20,6,1.0,1.0,-0.039501,1,9,0.58692
46,62,Shirt,0,1,47,1,15,0.0,1.0,0.0,1,47,0.58692
46,63,Shirt,0,1,47,6,14,0.0,1.0,0.0,1,47,0.58692
46,64,Shirt,0,1,9,18,12,0.0,1.0,-0.0,1,9,0.58692
46,65,Shirt,0,1,28,16,6,0.0,0.9961,0.0,1,28,0.58692
46,66,Shirt,1,0,66,16,5,0.0,1.0,0.0,0,66,0.58692
46,67,Shirt,0,1,43,26,11,0.0,1.0,1e-06,1,43,0.58692
46,68,Shirt,0,1,28,2,13,0.0,1.0,-1e-06,1,28,0.58692
46,69,Shirt,0,1,47,2,13,0.0,1.0,0.0,1,47,0.58692
46,70,Sneaker,0,1,28,1,11,1.0,1.0,-0.018696,1,28,0.58692
46,71,Sneaker,0,1,1,15,20,0.0,1.0,-0.0,1,1,0.58692
46,72,Sneaker,0,1,28,1,10,1.0,1.0,-0.001658,1,28,0.58692
46,73,Sneaker,0,1,1,9,15,0.0,1.0,-0.0,1,1,0.58692
46,74,Sneaker,0,1,78,17,14,1.0,1.0,-0.004224,1,78,0.58692
46,75,Sneaker,0,1,1,26,18,1.0,1.0,-0.291821,1,1,0.58692
46,76,Sneaker,0,1,28,13,16,0.0,1.0,-2e-06,1,28,0.58692
46,77,Sneaker,0,1,78,14,21,0.0,1.0,-0.0,1,78,0.58692
46,78,Sneaker,1,0,78,10,14,0.0,1.0,0.0,0,78,0.58692
46,79,Sneaker,0,1,97,9,25,0.0,1.0,0.0,1,97,0.58692
46,80,Bag,0,1,47,25,22,0.0,1.0,0.0,1,47,0.58692
46,81,Bag,0,1,28,1,11,1.0,1.0,-0.102844,1,28,0.58692
46,82,Bag,1,0,82,25,14,0.0,1.0,0.0,0,82,0.58692
46,83,Bag,1,0,83,21,26,0.0,1.0,-0.0,0,83,0.58692
46,84,Bag,0,1,43,18,11,0.0,1.0,1e-06,1,43,0.58692
46,85,Bag,0,1,28,19,3,0.0,1.0,0.0,1,28,0.58692
46,86,Bag,0,1,43,20,19,0.0,1.0,-2e-06,1,43,0.58692
46,87,Bag,0,1,28,7,24,0.0,1.0,-0.0,1,28,0.58692
46,88,Bag,1,0,88,6,25,0.0,1.0,-0.0,0,88,0.58692
46,89,Bag,1,0,89,5,16,0.0,1.0,-0.0,0,89,0.58692
46,90,Ankle-boot,0,1,28,1,11,1.0,1.0,-0.088565,1,28,0.58692
46,91,Ankle-boot,0,1,28,16,17,0.0,1.0,-1e-06,1,28,0.58692
46,92,Ankle-boot,0,1,28,10,25,0.0,1.0,-0.0,1,28,0.58692
46,93,Ankle-boot,0,1,97,18,21,0.0,1.0,-0.0,1,97,0.58692
46,94,Ankle-boot,0,1,28,25,20,0.0,0.9961,-1e-06,1,28,0.58692
46,95,Ankle-boot,1,1,28,1,11,1.0,1.0,-0.245175,0,95,0.58692
46,96,Ankle-boot,1,0,96,5,20,0.0,1.0,0.0,0,96,0.58692
46,97,Ankle-boot,1,0,97,7,20,0.0,1.0,0.0,0,97,0.58692
46,98,Ankle-boot,0,1,28,22,6,0.0,1.0,-0.0,1,28,0.58692
46,99,Ankle-boot,0,1,28,1,11,1.0,1.0,-0.055812,1,28,0.58692
